subscription_id,account_id,start_date,end_date,plan_tier,seats,mrr_amount,arr_amount,is_trial,upgrade_flag,downgrade_flag,churn_flag,billing_frequency,auto_renew_flag,Analysis End Date,Start Date (SOM),Month Span,Month Number,Active Month
S-8cec59,A-3c1a3f,2023-12-23,2024-04-12,Enterprise,14,2786,33432,FALSE,FALSE,FALSE,TRUE,Monthly,Renews Automatically,2024-04-12,2023-12-01,4,1,2023-12-01
S-8cec59,A-3c1a3f,2023-12-23,2024-04-12,Enterprise,14,2786,33432,FALSE,FALSE,FALSE,TRUE,Monthly,Renews Automatically,2024-04-12,2023-12-01,4,2,2024-01-01
S-8cec59,A-3c1a3f,2023-12-23,2024-04-12,Enterprise,14,2786,33432,FALSE,FALSE,FALSE,TRUE,Monthly,Renews Automatically,2024-04-12,2023-12-01,4,3,2024-02-01
S-8cec59,A-3c1a3f,2023-12-23,2024-04-12,Enterprise,14,2786,33432,FALSE,FALSE,FALSE,TRUE,Monthly,Renews Automatically,2024-04-12,2023-12-01,4,4,2024-03-01
S-0f6f44,A-9b9fe9,2024-06-11,null,Pro,17,833,9996,FALSE,FALSE,FALSE,FALSE,Monthly,Renews Automatically,2024-12-31,2024-06-01,7,1,2024-06-01
S-0f6f44,A-9b9fe9,2024-06-11,null,Pro,17,833,9996,FALSE,FALSE,FALSE,FALSE,Monthly,Renews Automatically,2024-12-31,2024-06-01,7,2,2024-07-01
S-0f6f44,A-9b9fe9,2024-06-11,null,Pro,17,833,9996,FALSE,FALSE,FALSE,FALSE,Monthly,Renews Automatically,2024-12-31,2024-06-01,7,3,2024-08-01
S-0f6f44,A-9b9fe9,2024-06-11,null,Pro,17,833,9996,FALSE,FALSE,FALSE,FALSE,Monthly,Renews Automatically,2024-12-31,2024-06-01,7,4,2024-09-01
S-0f6f44,A-9b9fe9,2024-06-11,null,Pro,17,833,9996,FALSE,FALSE,FALSE,FALSE,Monthly,Renews Automatically,2024-12-31,2024-06-01,7,5,2024-10-01
S-0f6f44,A-9b9fe9,2024-06-11,null,Pro,17,833,9996,FALSE,FALSE,FALSE,FALSE,Monthly,Renews Automatically,2024-12-31,2024-06-01,7,6,2024-11-01
S-0f6f44,A-9b9fe9,2024-06-11,null,Pro,17,833,9996,FALSE,FALSE,FALSE,FALSE,Monthly,Renews Automatically,2024-12-31,2024-06-01,7,7,2024-12-01
S-f81687,A-e7a1e2,2024-11-23,2024-12-13,Enterprise,5,995,11940,FALSE,FALSE,FALSE,TRUE,Monthly,Renews Automatically,2024-12-13,2024-11-01,1,1,2024-11-01
S-cff5a2,A-ba6516,2024-01-10,null,Enterprise,27,5373,64476,FALSE,FALSE,FALSE,FALSE,Monthly,Renews Automatically,2024-12-31,2024-01-01,12,1,2024-01-01
S-cff5a2,A-ba6516,2024-01-10,null,Enterprise,27,5373,64476,FALSE,FALSE,FALSE,FALSE,Monthly,Renews Automatically,2024-12-31,2024-01-01,12,2,2024-02-01
S-cff5a2,A-ba6516,2024-01-10,null,Enterprise,27,5373,64476,FALSE,FALSE,FALSE,FALSE,Monthly,Renews Automatically,2024-12-31,2024-01-01,12,3,2024-03-01
S-cff5a2,A-ba6516,2024-01-10,null,Enterprise,27,5373,64476,FALSE,FALSE,FALSE,FALSE,Monthly,Renews Automatically,2024-12-31,2024-01-01,12,4,2024-04-01
S-cff5a2,A-ba6516,2024-01-10,null,Enterprise,27,5373,64476,FALSE,FALSE,FALSE,FALSE,Monthly,Renews Automatically,2024-12-31,2024-01-01,12,5,2024-05-01
S-cff5a2,A-ba6516,2024-01-10,null,Enterprise,27,5373,64476,FALSE,FALSE,FALSE,FALSE,Monthly,Renews Automatically,2024-12-31,2024-01-01,12,6,2024-06-01
S-cff5a2,A-ba6516,2024-01-10,null,Enterprise,27,5373,64476,FALSE,FALSE,FALSE,FALSE,Monthly,Renews Automatically,2024-12-31,2024-01-01,12,7,2024-07-01
S-cff5a2,A-ba6516,2024-01-10,null,Enterprise,27,5373,64476,FALSE,FALSE,FALSE,FALSE,Monthly,Renews Automatically,2024-12-31,2024-01-01,12,8,2024-08-01
S-cff5a2,A-ba6516,2024-01-10,null,Enterprise,27,5373,64476,FALSE,FALSE,FALSE,FALSE,Monthly,Renews Automatically,2024-12-31,2024-01-01,12,9,2024-09-01
S-cff5a2,A-ba6516,2024-01-10,null,Enterprise,27,5373,64476,FALSE,FALSE,FALSE,FALSE,Monthly,Renews Automatically,2024-12-31,2024-01-01,12,10,2024-10-01
S-cff5a2,A-ba6516,2024-01-10,null,Enterprise,27,5373,64476,FALSE,FALSE,FALSE,FALSE,Monthly,Renews Automatically,2024-12-31,2024-01-01,12,11,2024-11-01
S-cff5a2,A-ba6516,2024-01-10,null,Enterprise,27,5373,64476,FALSE,FALSE,FALSE,FALSE,Monthly,Renews Automatically,2024-12-31,2024-01-01,12,12,2024-12-01
S-4b9b13,A-fa2041,2024-08-13,null,Pro,15,735,8820,FALSE,FALSE,FALSE,FALSE,Monthly,Renews Automatically,2024-12-31,2024-08-01,5,1,2024-08-01
S-4b9b13,A-fa2041,2024-08-13,null,Pro,15,735,8820,FALSE,FALSE,FALSE,FALSE,Monthly,Renews Automatically,2024-12-31,2024-08-01,5,2,2024-09-01
S-4b9b13,A-fa2041,2024-08-13,null,Pro,15,735,8820,FALSE,FALSE,FALSE,FALSE,Monthly,Renews Automatically,2024-12-31,2024-08-01,5,3,2024-10-01
S-4b9b13,A-fa2041,2024-08-13,null,Pro,15,735,8820,FALSE,FALSE,FALSE,FALSE,Monthly,Renews Automatically,2024-12-31,2024-08-01,5,4,2024-11-01
S-4b9b13,A-fa2041,2024-08-13,null,Pro,15,735,8820,FALSE,FALSE,FALSE,FALSE,Monthly,Renews Automatically,2024-12-31,2024-08-01,5,5,2024-12-01
S-dceac6,A-417d2f,2023-12-30,null,Enterprise,4,796,9552,FALSE,FALSE,FALSE,FALSE,Annual,Renews Automatically,2024-12-31,2023-12-01,13,1,2023-12-01
S-dceac6,A-417d2f,2023-12-30,null,Enterprise,4,796,9552,FALSE,FALSE,FALSE,FALSE,Annual,Renews Automatically,2024-12-31,2023-12-01,13,2,2024-01-01
S-dceac6,A-417d2f,2023-12-30,null,Enterprise,4,796,9552,FALSE,FALSE,FALSE,FALSE,Annual,Renews Automatically,2024-12-31,2023-12-01,13,3,2024-02-01
S-dceac6,A-417d2f,2023-12-30,null,Enterprise,4,796,9552,FALSE,FALSE,FALSE,FALSE,Annual,Renews Automatically,2024-12-31,2023-12-01,13,4,2024-03-01
S-dceac6,A-417d2f,2023-12-30,null,Enterprise,4,796,9552,FALSE,FALSE,FALSE,FALSE,Annual,Renews Automatically,2024-12-31,2023-12-01,13,5,2024-04-01
S-dceac6,A-417d2f,2023-12-30,null,Enterprise,4,796,9552,FALSE,FALSE,FALSE,FALSE,Annual,Renews Automatically,2024-12-31,2023-12-01,13,6,2024-05-01
S-dceac6,A-417d2f,2023-12-30,null,Enterprise,4,796,9552,FALSE,FALSE,FALSE,FALSE,Annual,Renews Automatically,2024-12-31,2023-12-01,13,7,2024-06-01
S-dceac6,A-417d2f,2023-12-30,null,Enterprise,4,796,9552,FALSE,FALSE,FALSE,FALSE,Annual,Renews Automatically,2024-12-31,2023-12-01,13,8,2024-07-01
S-dceac6,A-417d2f,2023-12-30,null,Enterprise,4,796,9552,FALSE,FALSE,FALSE,FALSE,Annual,Renews Automatically,2024-12-31,2023-12-01,13,9,2024-08-01
S-dceac6,A-417d2f,2023-12-30,null,Enterprise,4,796,9552,FALSE,FALSE,FALSE,FALSE,Annual,Renews Automatically,2024-12-31,2023-12-01,13,10,2024-09-01
S-dceac6,A-417d2f,2023-12-30,null,Enterprise,4,796,9552,FALSE,FALSE,FALSE,FALSE,Annual,Renews Automatically,2024-12-31,2023-12-01,13,11,2024-10-01
S-dceac6,A-417d2f,2023-12-30,null,Enterprise,4,796,9552,FALSE,FALSE,FALSE,FALSE,Annual,Renews Automatically,2024-12-31,2023-12-01,13,12,2024-11-01
S-dceac6,A-417d2f,2023-12-30,null,Enterprise,4,796,9552,FALSE,FALSE,FALSE,FALSE,Annual,Renews Automatically,2024-12-31,2023-12-01,13,13,2024-12-01
S-8cad7b,A-5f2961,2024-12-23,null,Basic,16,304,3648,FALSE,FALSE,FALSE,FALSE,Annual,Renews Automatically,2024-12-31,2024-12-01,1,1,2024-12-01
S-24796e,A-cc8c8f,2024-11-27,null,Enterprise,23,4577,54924,FALSE,FALSE,FALSE,FALSE,Annual,Manual Renewal,2024-12-31,2024-11-01,2,1,2024-11-01
S-24796e,A-cc8c8f,2024-11-27,null,Enterprise,23,4577,54924,FALSE,FALSE,FALSE,FALSE,Annual,Manual Renewal,2024-12-31,2024-11-01,2,2,2024-12-01
S-d0c344,A-80eeb6,2024-10-27,null,Pro,22,1078,12936,FALSE,FALSE,FALSE,FALSE,Annual,Manual Renewal,2024-12-31,2024-10-01,3,1,2024-10-01
S-d0c344,A-80eeb6,2024-10-27,null,Pro,22,1078,12936,FALSE,FALSE,FALSE,FALSE,Annual,Manual Renewal,2024-12-31,2024-10-01,3,2,2024-11-01
S-d0c344,A-80eeb6,2024-10-27,null,Pro,22,1078,12936,FALSE,FALSE,FALSE,FALSE,Annual,Manual Renewal,2024-12-31,2024-10-01,3,3,2024-12-01
S-477506,A-f03140,2024-02-06,null,Pro,27,1323,15876,FALSE,FALSE,FALSE,FALSE,Annual,Renews Automatically,2024-12-31,2024-02-01,11,1,2024-02-01
S-477506,A-f03140,2024-02-06,null,Pro,27,1323,15876,FALSE,FALSE,FALSE,FALSE,Annual,Renews Automatically,2024-12-31,2024-02-01,11,2,2024-03-01
S-477506,A-f03140,2024-02-06,null,Pro,27,1323,15876,FALSE,FALSE,FALSE,FALSE,Annual,Renews Automatically,2024-12-31,2024-02-01,11,3,2024-04-01
S-477506,A-f03140,2024-02-06,null,Pro,27,1323,15876,FALSE,FALSE,FALSE,FALSE,Annual,Renews Automatically,2024-12-31,2024-02-01,11,4,2024-05-01
S-477506,A-f03140,2024-02-06,null,Pro,27,1323,15876,FALSE,FALSE,FALSE,FALSE,Annual,Renews Automatically,2024-12-31,2024-02-01,11,5,2024-06-01
S-477506,A-f03140,2024-02-06,null,Pro,27,1323,15876,FALSE,FALSE,FALSE,FALSE,Annual,Renews Automatically,2024-12-31,2024-02-01,11,6,2024-07-01
S-477506,A-f03140,2024-02-06,null,Pro,27,1323,15876,FALSE,FALSE,FALSE,FALSE,Annual,Renews Automatically,2024-12-31,2024-02-01,11,7,2024-08-01
S-477506,A-f03140,2024-02-06,null,Pro,27,1323,15876,FALSE,FALSE,FALSE,FALSE,Annual,Renews Automatically,2024-12-31,2024-02-01,11,8,2024-09-01
S-477506,A-f03140,2024-02-06,null,Pro,27,1323,15876,FALSE,FALSE,FALSE,FALSE,Annual,Renews Automatically,2024-12-31,2024-02-01,11,9,2024-10-01
S-477506,A-f03140,2024-02-06,null,Pro,27,1323,15876,FALSE,FALSE,FALSE,FALSE,Annual,Renews Automatically,2024-12-31,2024-02-01,11,10,2024-11-01
S-477506,A-f03140,2024-02-06,null,Pro,27,1323,15876,FALSE,FALSE,FALSE,FALSE,Annual,Renews Automatically,2024-12-31,2024-02-01,11,11,2024-12-01
S-59dc4b,A-f17767,2023-09-17,null,Pro,26,1274,15288,FALSE,TRUE,TRUE,FALSE,Monthly,Renews Automatically,2024-12-31,2023-09-01,16,1,2023-09-01
S-59dc4b,A-f17767,2023-09-17,null,Pro,26,1274,15288,FALSE,TRUE,TRUE,FALSE,Monthly,Renews Automatically,2024-12-31,2023-09-01,16,2,2023-10-01
S-59dc4b,A-f17767,2023-09-17,null,Pro,26,1274,15288,FALSE,TRUE,TRUE,FALSE,Monthly,Renews Automatically,2024-12-31,2023-09-01,16,3,2023-11-01
S-59dc4b,A-f17767,2023-09-17,null,Pro,26,1274,15288,FALSE,TRUE,TRUE,FALSE,Monthly,Renews Automatically,2024-12-31,2023-09-01,16,4,2023-12-01
S-59dc4b,A-f17767,2023-09-17,null,Pro,26,1274,15288,FALSE,TRUE,TRUE,FALSE,Monthly,Renews Automatically,2024-12-31,2023-09-01,16,5,2024-01-01
S-59dc4b,A-f17767,2023-09-17,null,Pro,26,1274,15288,FALSE,TRUE,TRUE,FALSE,Monthly,Renews Automatically,2024-12-31,2023-09-01,16,6,2024-02-01
S-59dc4b,A-f17767,2023-09-17,null,Pro,26,1274,15288,FALSE,TRUE,TRUE,FALSE,Monthly,Renews Automatically,2024-12-31,2023-09-01,16,7,2024-03-01
S-59dc4b,A-f17767,2023-09-17,null,Pro,26,1274,15288,FALSE,TRUE,TRUE,FALSE,Monthly,Renews Automatically,2024-12-31,2023-09-01,16,8,2024-04-01
S-59dc4b,A-f17767,2023-09-17,null,Pro,26,1274,15288,FALSE,TRUE,TRUE,FALSE,Monthly,Renews Automatically,2024-12-31,2023-09-01,16,9,2024-05-01
S-59dc4b,A-f17767,2023-09-17,null,Pro,26,1274,15288,FALSE,TRUE,TRUE,FALSE,Monthly,Renews Automatically,2024-12-31,2023-09-01,16,10,2024-06-01
S-59dc4b,A-f17767,2023-09-17,null,Pro,26,1274,15288,FALSE,TRUE,TRUE,FALSE,Monthly,Renews Automatically,2024-12-31,2023-09-01,16,11,2024-07-01
S-59dc4b,A-f17767,2023-09-17,null,Pro,26,1274,15288,FALSE,TRUE,TRUE,FALSE,Monthly,Renews Automatically,2024-12-31,2023-09-01,16,12,2024-08-01
S-59dc4b,A-f17767,2023-09-17,null,Pro,26,1274,15288,FALSE,TRUE,TRUE,FALSE,Monthly,Renews Automatically,2024-12-31,2023-09-01,16,13,2024-09-01
S-59dc4b,A-f17767,2023-09-17,null,Pro,26,1274,15288,FALSE,TRUE,TRUE,FALSE,Monthly,Renews Automatically,2024-12-31,2023-09-01,16,14,2024-10-01
S-59dc4b,A-f17767,2023-09-17,null,Pro,26,1274,15288,FALSE,TRUE,TRUE,FALSE,Monthly,Renews Automatically,2024-12-31,2023-09-01,16,15,2024-11-01
S-59dc4b,A-f17767,2023-09-17,null,Pro,26,1274,15288,FALSE,TRUE,TRUE,FALSE,Monthly,Renews Automatically,2024-12-31,2023-09-01,16,16,2024-12-01
S-7acd8b,A-7920cc,2024-07-17,null,Basic,39,741,8892,FALSE,FALSE,FALSE,FALSE,Annual,Renews Automatically,2024-12-31,2024-07-01,6,1,2024-07-01
S-7acd8b,A-7920cc,2024-07-17,null,Basic,39,741,8892,FALSE,FALSE,FALSE,FALSE,Annual,Renews Automatically,2024-12-31,2024-07-01,6,2,2024-08-01
S-7acd8b,A-7920cc,2024-07-17,null,Basic,39,741,8892,FALSE,FALSE,FALSE,FALSE,Annual,Renews Automatically,2024-12-31,2024-07-01,6,3,2024-09-01
S-7acd8b,A-7920cc,2024-07-17,null,Basic,39,741,8892,FALSE,FALSE,FALSE,FALSE,Annual,Renews Automatically,2024-12-31,2024-07-01,6,4,2024-10-01
S-7acd8b,A-7920cc,2024-07-17,null,Basic,39,741,8892,FALSE,FALSE,FALSE,FALSE,Annual,Renews Automatically,2024-12-31,2024-07-01,6,5,2024-11-01
S-7acd8b,A-7920cc,2024-07-17,null,Basic,39,741,8892,FALSE,FALSE,FALSE,FALSE,Annual,Renews Automatically,2024-12-31,2024-07-01,6,6,2024-12-01
S-486088,A-0cc442,2024-09-18,null,Pro,45,2205,26460,FALSE,FALSE,FALSE,FALSE,Monthly,Renews Automatically,2024-12-31,2024-09-01,4,1,2024-09-01
S-486088,A-0cc442,2024-09-18,null,Pro,45,2205,26460,FALSE,FALSE,FALSE,FALSE,Monthly,Renews Automatically,2024-12-31,2024-09-01,4,2,2024-10-01
S-486088,A-0cc442,2024-09-18,null,Pro,45,2205,26460,FALSE,FALSE,FALSE,FALSE,Monthly,Renews Automatically,2024-12-31,2024-09-01,4,3,2024-11-01
S-486088,A-0cc442,2024-09-18,null,Pro,45,2205,26460,FALSE,FALSE,FALSE,FALSE,Monthly,Renews Automatically,2024-12-31,2024-09-01,4,4,2024-12-01
S-9333c5,A-ef84cf,2024-06-06,2024-08-13,Basic,8,152,1824,FALSE,FALSE,FALSE,TRUE,Annual,Manual Renewal,2024-08-13,2024-06-01,3,1,2024-06-01
S-9333c5,A-ef84cf,2024-06-06,2024-08-13,Basic,8,152,1824,FALSE,FALSE,FALSE,TRUE,Annual,Manual Renewal,2024-08-13,2024-06-01,3,2,2024-07-01
S-9333c5,A-ef84cf,2024-06-06,2024-08-13,Basic,8,152,1824,FALSE,FALSE,FALSE,TRUE,Annual,Manual Renewal,2024-08-13,2024-06-01,3,3,2024-08-01
S-37e3ad,A-b30291,2024-04-25,null,Basic,5,95,1140,FALSE,FALSE,FALSE,FALSE,Monthly,Renews Automatically,2024-12-31,2024-04-01,9,1,2024-04-01
S-37e3ad,A-b30291,2024-04-25,null,Basic,5,95,1140,FALSE,FALSE,FALSE,FALSE,Monthly,Renews Automatically,2024-12-31,2024-04-01,9,2,2024-05-01
S-37e3ad,A-b30291,2024-04-25,null,Basic,5,95,1140,FALSE,FALSE,FALSE,FALSE,Monthly,Renews Automatically,2024-12-31,2024-04-01,9,3,2024-06-01
S-37e3ad,A-b30291,2024-04-25,null,Basic,5,95,1140,FALSE,FALSE,FALSE,FALSE,Monthly,Renews Automatically,2024-12-31,2024-04-01,9,4,2024-07-01
S-37e3ad,A-b30291,2024-04-25,null,Basic,5,95,1140,FALSE,FALSE,FALSE,FALSE,Monthly,Renews Automatically,2024-12-31,2024-04-01,9,5,2024-08-01
S-37e3ad,A-b30291,2024-04-25,null,Basic,5,95,1140,FALSE,FALSE,FALSE,FALSE,Monthly,Renews Automatically,2024-12-31,2024-04-01,9,6,2024-09-01
S-37e3ad,A-b30291,2024-04-25,null,Basic,5,95,1140,FALSE,FALSE,FALSE,FALSE,Monthly,Renews Automatically,2024-12-31,2024-04-01,9,7,2024-10-01
S-37e3ad,A-b30291,2024-04-25,null,Basic,5,95,1140,FALSE,FALSE,FALSE,FALSE,Monthly,Renews Automatically,2024-12-31,2024-04-01,9,8,2024-11-01
S-37e3ad,A-b30291,2024-04-25,null,Basic,5,95,1140,FALSE,FALSE,FALSE,FALSE,Monthly,Renews Automatically,2024-12-31,2024-04-01,9,9,2024-12-01
S-b17d04,A-e19ff6,2024-03-06,null,Pro,8,392,4704,FALSE,FALSE,FALSE,FALSE,Monthly,Renews Automatically,2024-12-31,2024-03-01,10,1,2024-03-01
S-b17d04,A-e19ff6,2024-03-06,null,Pro,8,392,4704,FALSE,FALSE,FALSE,FALSE,Monthly,Renews Automatically,2024-12-31,2024-03-01,10,2,2024-04-01
S-b17d04,A-e19ff6,2024-03-06,null,Pro,8,392,4704,FALSE,FALSE,FALSE,FALSE,Monthly,Renews Automatically,2024-12-31,2024-03-01,10,3,2024-05-01
S-b17d04,A-e19ff6,2024-03-06,null,Pro,8,392,4704,FALSE,FALSE,FALSE,FALSE,Monthly,Renews Automatically,2024-12-31,2024-03-01,10,4,2024-06-01
S-b17d04,A-e19ff6,2024-03-06,null,Pro,8,392,4704,FALSE,FALSE,FALSE,FALSE,Monthly,Renews Automatically,2024-12-31,2024-03-01,10,5,2024-07-01
S-b17d04,A-e19ff6,2024-03-06,null,Pro,8,392,4704,FALSE,FALSE,FALSE,FALSE,Monthly,Renews Automatically,2024-12-31,2024-03-01,10,6,2024-08-01
S-b17d04,A-e19ff6,2024-03-06,null,Pro,8,392,4704,FALSE,FALSE,FALSE,FALSE,Monthly,Renews Automatically,2024-12-31,2024-03-01,10,7,2024-09-01
S-b17d04,A-e19ff6,2024-03-06,null,Pro,8,392,4704,FALSE,FALSE,FALSE,FALSE,Monthly,Renews Automatically,2024-12-31,2024-03-01,10,8,2024-10-01
S-b17d04,A-e19ff6,2024-03-06,null,Pro,8,392,4704,FALSE,FALSE,FALSE,FALSE,Monthly,Renews Automatically,2024-12-31,2024-03-01,10,9,2024-11-01
S-b17d04,A-e19ff6,2024-03-06,null,Pro,8,392,4704,FALSE,FALSE,FALSE,FALSE,Monthly,Renews Automatically,2024-12-31,2024-03-01,10,10,2024-12-01
S-3bd427,A-2e3bad,2024-12-04,2024-12-27,Basic,61,1159,13908,FALSE,FALSE,FALSE,TRUE,Monthly,Renews Automatically,2024-12-27,2024-12-01,1,1,2024-12-01
S-82989b,A-f5641b,2024-11-30,null,Basic,31,589,7068,FALSE,FALSE,FALSE,FALSE,Monthly,Renews Automatically,2024-12-31,2024-11-01,2,1,2024-11-01
S-82989b,A-f5641b,2024-11-30,null,Basic,31,589,7068,FALSE,FALSE,FALSE,FALSE,Monthly,Renews Automatically,2024-12-31,2024-11-01,2,2,2024-12-01
S-082b15,A-aa9511,2024-02-09,null,Enterprise,97,19303,231636,FALSE,FALSE,FALSE,FALSE,Annual,Renews Automatically,2024-12-31,2024-02-01,11,1,2024-02-01
S-082b15,A-aa9511,2024-02-09,null,Enterprise,97,19303,231636,FALSE,FALSE,FALSE,FALSE,Annual,Renews Automatically,2024-12-31,2024-02-01,11,2,2024-03-01
S-082b15,A-aa9511,2024-02-09,null,Enterprise,97,19303,231636,FALSE,FALSE,FALSE,FALSE,Annual,Renews Automatically,2024-12-31,2024-02-01,11,3,2024-04-01
S-082b15,A-aa9511,2024-02-09,null,Enterprise,97,19303,231636,FALSE,FALSE,FALSE,FALSE,Annual,Renews Automatically,2024-12-31,2024-02-01,11,4,2024-05-01
S-082b15,A-aa9511,2024-02-09,null,Enterprise,97,19303,231636,FALSE,FALSE,FALSE,FALSE,Annual,Renews Automatically,2024-12-31,2024-02-01,11,5,2024-06-01
S-082b15,A-aa9511,2024-02-09,null,Enterprise,97,19303,231636,FALSE,FALSE,FALSE,FALSE,Annual,Renews Automatically,2024-12-31,2024-02-01,11,6,2024-07-01
S-082b15,A-aa9511,2024-02-09,null,Enterprise,97,19303,231636,FALSE,FALSE,FALSE,FALSE,Annual,Renews Automatically,2024-12-31,2024-02-01,11,7,2024-08-01
S-082b15,A-aa9511,2024-02-09,null,Enterprise,97,19303,231636,FALSE,FALSE,FALSE,FALSE,Annual,Renews Automatically,2024-12-31,2024-02-01,11,8,2024-09-01
S-082b15,A-aa9511,2024-02-09,null,Enterprise,97,19303,231636,FALSE,FALSE,FALSE,FALSE,Annual,Renews Automatically,2024-12-31,2024-02-01,11,9,2024-10-01
S-082b15,A-aa9511,2024-02-09,null,Enterprise,97,19303,231636,FALSE,FALSE,FALSE,FALSE,Annual,Renews Automatically,2024-12-31,2024-02-01,11,10,2024-11-01
S-082b15,A-aa9511,2024-02-09,null,Enterprise,97,19303,231636,FALSE,FALSE,FALSE,FALSE,Annual,Renews Automatically,2024-12-31,2024-02-01,11,11,2024-12-01
S-434140,A-075038,2024-02-25,null,Pro,17,833,9996,FALSE,FALSE,FALSE,FALSE,Annual,Renews Automatically,2024-12-31,2024-02-01,11,1,2024-02-01
S-434140,A-075038,2024-02-25,null,Pro,17,833,9996,FALSE,FALSE,FALSE,FALSE,Annual,Renews Automatically,2024-12-31,2024-02-01,11,2,2024-03-01
S-434140,A-075038,2024-02-25,null,Pro,17,833,9996,FALSE,FALSE,FALSE,FALSE,Annual,Renews Automatically,2024-12-31,2024-02-01,11,3,2024-04-01
S-434140,A-075038,2024-02-25,null,Pro,17,833,9996,FALSE,FALSE,FALSE,FALSE,Annual,Renews Automatically,2024-12-31,2024-02-01,11,4,2024-05-01
S-434140,A-075038,2024-02-25,null,Pro,17,833,9996,FALSE,FALSE,FALSE,FALSE,Annual,Renews Automatically,2024-12-31,2024-02-01,11,5,2024-06-01
S-434140,A-075038,2024-02-25,null,Pro,17,833,9996,FALSE,FALSE,FALSE,FALSE,Annual,Renews Automatically,2024-12-31,2024-02-01,11,6,2024-07-01
S-434140,A-075038,2024-02-25,null,Pro,17,833,9996,FALSE,FALSE,FALSE,FALSE,Annual,Renews Automatically,2024-12-31,2024-02-01,11,7,2024-08-01
S-434140,A-075038,2024-02-25,null,Pro,17,833,9996,FALSE,FALSE,FALSE,FALSE,Annual,Renews Automatically,2024-12-31,2024-02-01,11,8,2024-09-01
S-434140,A-075038,2024-02-25,null,Pro,17,833,9996,FALSE,FALSE,FALSE,FALSE,Annual,Renews Automatically,2024-12-31,2024-02-01,11,9,2024-10-01
S-434140,A-075038,2024-02-25,null,Pro,17,833,9996,FALSE,FALSE,FALSE,FALSE,Annual,Renews Automatically,2024-12-31,2024-02-01,11,10,2024-11-01
S-434140,A-075038,2024-02-25,null,Pro,17,833,9996,FALSE,FALSE,FALSE,FALSE,Annual,Renews Automatically,2024-12-31,2024-02-01,11,11,2024-12-01
S-c07ede,A-cea1f0,2024-10-07,null,Pro,8,392,4704,FALSE,FALSE,FALSE,FALSE,Annual,Manual Renewal,2024-12-31,2024-10-01,3,1,2024-10-01
S-c07ede,A-cea1f0,2024-10-07,null,Pro,8,392,4704,FALSE,FALSE,FALSE,FALSE,Annual,Manual Renewal,2024-12-31,2024-10-01,3,2,2024-11-01
S-c07ede,A-cea1f0,2024-10-07,null,Pro,8,392,4704,FALSE,FALSE,FALSE,FALSE,Annual,Manual Renewal,2024-12-31,2024-10-01,3,3,2024-12-01
S-287914,A-a1b80b,2024-08-15,null,Pro,16,784,9408,FALSE,FALSE,FALSE,FALSE,Annual,Renews Automatically,2024-12-31,2024-08-01,5,1,2024-08-01
S-287914,A-a1b80b,2024-08-15,null,Pro,16,784,9408,FALSE,FALSE,FALSE,FALSE,Annual,Renews Automatically,2024-12-31,2024-08-01,5,2,2024-09-01
S-287914,A-a1b80b,2024-08-15,null,Pro,16,784,9408,FALSE,FALSE,FALSE,FALSE,Annual,Renews Automatically,2024-12-31,2024-08-01,5,3,2024-10-01
S-287914,A-a1b80b,2024-08-15,null,Pro,16,784,9408,FALSE,FALSE,FALSE,FALSE,Annual,Renews Automatically,2024-12-31,2024-08-01,5,4,2024-11-01
S-287914,A-a1b80b,2024-08-15,null,Pro,16,784,9408,FALSE,FALSE,FALSE,FALSE,Annual,Renews Automatically,2024-12-31,2024-08-01,5,5,2024-12-01
S-b3bd43,A-b2225d,2024-11-03,null,Pro,50,2450,29400,FALSE,FALSE,FALSE,FALSE,Monthly,Manual Renewal,2024-12-31,2024-11-01,2,1,2024-11-01
S-b3bd43,A-b2225d,2024-11-03,null,Pro,50,2450,29400,FALSE,FALSE,FALSE,FALSE,Monthly,Manual Renewal,2024-12-31,2024-11-01,2,2,2024-12-01
S-4c82da,A-b9eed8,2024-08-01,null,Pro,11,539,6468,FALSE,FALSE,FALSE,FALSE,Monthly,Manual Renewal,2024-12-31,2024-08-01,5,1,2024-08-01
S-4c82da,A-b9eed8,2024-08-01,null,Pro,11,539,6468,FALSE,FALSE,FALSE,FALSE,Monthly,Manual Renewal,2024-12-31,2024-08-01,5,2,2024-09-01
S-4c82da,A-b9eed8,2024-08-01,null,Pro,11,539,6468,FALSE,FALSE,FALSE,FALSE,Monthly,Manual Renewal,2024-12-31,2024-08-01,5,3,2024-10-01
S-4c82da,A-b9eed8,2024-08-01,null,Pro,11,539,6468,FALSE,FALSE,FALSE,FALSE,Monthly,Manual Renewal,2024-12-31,2024-08-01,5,4,2024-11-01
S-4c82da,A-b9eed8,2024-08-01,null,Pro,11,539,6468,FALSE,FALSE,FALSE,FALSE,Monthly,Manual Renewal,2024-12-31,2024-08-01,5,5,2024-12-01
S-c75159,A-bcf87c,2024-08-22,2024-09-28,Enterprise,31,6169,74028,FALSE,FALSE,FALSE,TRUE,Monthly,Renews Automatically,2024-09-28,2024-08-01,2,1,2024-08-01
S-c75159,A-bcf87c,2024-08-22,2024-09-28,Enterprise,31,6169,74028,FALSE,FALSE,FALSE,TRUE,Monthly,Renews Automatically,2024-09-28,2024-08-01,2,2,2024-09-01
S-b5643b,A-9f9299,2024-06-11,null,Enterprise,28,5572,66864,FALSE,FALSE,FALSE,FALSE,Annual,Manual Renewal,2024-12-31,2024-06-01,7,1,2024-06-01
S-b5643b,A-9f9299,2024-06-11,null,Enterprise,28,5572,66864,FALSE,FALSE,FALSE,FALSE,Annual,Manual Renewal,2024-12-31,2024-06-01,7,2,2024-07-01
S-b5643b,A-9f9299,2024-06-11,null,Enterprise,28,5572,66864,FALSE,FALSE,FALSE,FALSE,Annual,Manual Renewal,2024-12-31,2024-06-01,7,3,2024-08-01
S-b5643b,A-9f9299,2024-06-11,null,Enterprise,28,5572,66864,FALSE,FALSE,FALSE,FALSE,Annual,Manual Renewal,2024-12-31,2024-06-01,7,4,2024-09-01
S-b5643b,A-9f9299,2024-06-11,null,Enterprise,28,5572,66864,FALSE,FALSE,FALSE,FALSE,Annual,Manual Renewal,2024-12-31,2024-06-01,7,5,2024-10-01
S-b5643b,A-9f9299,2024-06-11,null,Enterprise,28,5572,66864,FALSE,FALSE,FALSE,FALSE,Annual,Manual Renewal,2024-12-31,2024-06-01,7,6,2024-11-01
S-b5643b,A-9f9299,2024-06-11,null,Enterprise,28,5572,66864,FALSE,FALSE,FALSE,FALSE,Annual,Manual Renewal,2024-12-31,2024-06-01,7,7,2024-12-01
S-49a9aa,A-10b8f2,2023-06-16,null,Basic,51,969,11628,FALSE,FALSE,FALSE,FALSE,Annual,Renews Automatically,2024-12-31,2023-06-01,19,1,2023-06-01
S-49a9aa,A-10b8f2,2023-06-16,null,Basic,51,969,11628,FALSE,FALSE,FALSE,FALSE,Annual,Renews Automatically,2024-12-31,2023-06-01,19,2,2023-07-01
S-49a9aa,A-10b8f2,2023-06-16,null,Basic,51,969,11628,FALSE,FALSE,FALSE,FALSE,Annual,Renews Automatically,2024-12-31,2023-06-01,19,3,2023-08-01
S-49a9aa,A-10b8f2,2023-06-16,null,Basic,51,969,11628,FALSE,FALSE,FALSE,FALSE,Annual,Renews Automatically,2024-12-31,2023-06-01,19,4,2023-09-01
S-49a9aa,A-10b8f2,2023-06-16,null,Basic,51,969,11628,FALSE,FALSE,FALSE,FALSE,Annual,Renews Automatically,2024-12-31,2023-06-01,19,5,2023-10-01
S-49a9aa,A-10b8f2,2023-06-16,null,Basic,51,969,11628,FALSE,FALSE,FALSE,FALSE,Annual,Renews Automatically,2024-12-31,2023-06-01,19,6,2023-11-01
S-49a9aa,A-10b8f2,2023-06-16,null,Basic,51,969,11628,FALSE,FALSE,FALSE,FALSE,Annual,Renews Automatically,2024-12-31,2023-06-01,19,7,2023-12-01
S-49a9aa,A-10b8f2,2023-06-16,null,Basic,51,969,11628,FALSE,FALSE,FALSE,FALSE,Annual,Renews Automatically,2024-12-31,2023-06-01,19,8,2024-01-01
S-49a9aa,A-10b8f2,2023-06-16,null,Basic,51,969,11628,FALSE,FALSE,FALSE,FALSE,Annual,Renews Automatically,2024-12-31,2023-06-01,19,9,2024-02-01
S-49a9aa,A-10b8f2,2023-06-16,null,Basic,51,969,11628,FALSE,FALSE,FALSE,FALSE,Annual,Renews Automatically,2024-12-31,2023-06-01,19,10,2024-03-01
S-49a9aa,A-10b8f2,2023-06-16,null,Basic,51,969,11628,FALSE,FALSE,FALSE,FALSE,Annual,Renews Automatically,2024-12-31,2023-06-01,19,11,2024-04-01
S-49a9aa,A-10b8f2,2023-06-16,null,Basic,51,969,11628,FALSE,FALSE,FALSE,FALSE,Annual,Renews Automatically,2024-12-31,2023-06-01,19,12,2024-05-01
S-49a9aa,A-10b8f2,2023-06-16,null,Basic,51,969,11628,FALSE,FALSE,FALSE,FALSE,Annual,Renews Automatically,2024-12-31,2023-06-01,19,13,2024-06-01
S-49a9aa,A-10b8f2,2023-06-16,null,Basic,51,969,11628,FALSE,FALSE,FALSE,FALSE,Annual,Renews Automatically,2024-12-31,2023-06-01,19,14,2024-07-01
S-49a9aa,A-10b8f2,2023-06-16,null,Basic,51,969,11628,FALSE,FALSE,FALSE,FALSE,Annual,Renews Automatically,2024-12-31,2023-06-01,19,15,2024-08-01
S-49a9aa,A-10b8f2,2023-06-16,null,Basic,51,969,11628,FALSE,FALSE,FALSE,FALSE,Annual,Renews Automatically,2024-12-31,2023-06-01,19,16,2024-09-01
S-49a9aa,A-10b8f2,2023-06-16,null,Basic,51,969,11628,FALSE,FALSE,FALSE,FALSE,Annual,Renews Automatically,2024-12-31,2023-06-01,19,17,2024-10-01
S-49a9aa,A-10b8f2,2023-06-16,null,Basic,51,969,11628,FALSE,FALSE,FALSE,FALSE,Annual,Renews Automatically,2024-12-31,2023-06-01,19,18,2024-11-01
S-49a9aa,A-10b8f2,2023-06-16,null,Basic,51,969,11628,FALSE,FALSE,FALSE,FALSE,Annual,Renews Automatically,2024-12-31,2023-06-01,19,19,2024-12-01
S-8c10c1,A-0651a4,2024-12-25,null,Enterprise,65,12935,155220,FALSE,FALSE,FALSE,FALSE,Annual,Renews Automatically,2024-12-31,2024-12-01,1,1,2024-12-01
S-6762fa,A-40a557,2024-02-12,null,Enterprise,16,3184,38208,FALSE,FALSE,FALSE,FALSE,Annual,Renews Automatically,2024-12-31,2024-02-01,11,1,2024-02-01
S-6762fa,A-40a557,2024-02-12,null,Enterprise,16,3184,38208,FALSE,FALSE,FALSE,FALSE,Annual,Renews Automatically,2024-12-31,2024-02-01,11,2,2024-03-01
S-6762fa,A-40a557,2024-02-12,null,Enterprise,16,3184,38208,FALSE,FALSE,FALSE,FALSE,Annual,Renews Automatically,2024-12-31,2024-02-01,11,3,2024-04-01
S-6762fa,A-40a557,2024-02-12,null,Enterprise,16,3184,38208,FALSE,FALSE,FALSE,FALSE,Annual,Renews Automatically,2024-12-31,2024-02-01,11,4,2024-05-01
S-6762fa,A-40a557,2024-02-12,null,Enterprise,16,3184,38208,FALSE,FALSE,FALSE,FALSE,Annual,Renews Automatically,2024-12-31,2024-02-01,11,5,2024-06-01
S-6762fa,A-40a557,2024-02-12,null,Enterprise,16,3184,38208,FALSE,FALSE,FALSE,FALSE,Annual,Renews Automatically,2024-12-31,2024-02-01,11,6,2024-07-01
S-6762fa,A-40a557,2024-02-12,null,Enterprise,16,3184,38208,FALSE,FALSE,FALSE,FALSE,Annual,Renews Automatically,2024-12-31,2024-02-01,11,7,2024-08-01
S-6762fa,A-40a557,2024-02-12,null,Enterprise,16,3184,38208,FALSE,FALSE,FALSE,FALSE,Annual,Renews Automatically,2024-12-31,2024-02-01,11,8,2024-09-01
S-6762fa,A-40a557,2024-02-12,null,Enterprise,16,3184,38208,FALSE,FALSE,FALSE,FALSE,Annual,Renews Automatically,2024-12-31,2024-02-01,11,9,2024-10-01
S-6762fa,A-40a557,2024-02-12,null,Enterprise,16,3184,38208,FALSE,FALSE,FALSE,FALSE,Annual,Renews Automatically,2024-12-31,2024-02-01,11,10,2024-11-01
S-6762fa,A-40a557,2024-02-12,null,Enterprise,16,3184,38208,FALSE,FALSE,FALSE,FALSE,Annual,Renews Automatically,2024-12-31,2024-02-01,11,11,2024-12-01
S-a805a5,A-2789e3,2024-09-18,null,Basic,33,627,7524,FALSE,FALSE,FALSE,FALSE,Monthly,Renews Automatically,2024-12-31,2024-09-01,4,1,2024-09-01
S-a805a5,A-2789e3,2024-09-18,null,Basic,33,627,7524,FALSE,FALSE,FALSE,FALSE,Monthly,Renews Automatically,2024-12-31,2024-09-01,4,2,2024-10-01
S-a805a5,A-2789e3,2024-09-18,null,Basic,33,627,7524,FALSE,FALSE,FALSE,FALSE,Monthly,Renews Automatically,2024-12-31,2024-09-01,4,3,2024-11-01
S-a805a5,A-2789e3,2024-09-18,null,Basic,33,627,7524,FALSE,FALSE,FALSE,FALSE,Monthly,Renews Automatically,2024-12-31,2024-09-01,4,4,2024-12-01
S-da0a69,A-49b828,2023-05-11,null,Pro,6,294,3528,FALSE,FALSE,FALSE,FALSE,Monthly,Renews Automatically,2024-12-31,2023-05-01,20,1,2023-05-01
S-da0a69,A-49b828,2023-05-11,null,Pro,6,294,3528,FALSE,FALSE,FALSE,FALSE,Monthly,Renews Automatically,2024-12-31,2023-05-01,20,2,2023-06-01
S-da0a69,A-49b828,2023-05-11,null,Pro,6,294,3528,FALSE,FALSE,FALSE,FALSE,Monthly,Renews Automatically,2024-12-31,2023-05-01,20,3,2023-07-01
S-da0a69,A-49b828,2023-05-11,null,Pro,6,294,3528,FALSE,FALSE,FALSE,FALSE,Monthly,Renews Automatically,2024-12-31,2023-05-01,20,4,2023-08-01
S-da0a69,A-49b828,2023-05-11,null,Pro,6,294,3528,FALSE,FALSE,FALSE,FALSE,Monthly,Renews Automatically,2024-12-31,2023-05-01,20,5,2023-09-01
S-da0a69,A-49b828,2023-05-11,null,Pro,6,294,3528,FALSE,FALSE,FALSE,FALSE,Monthly,Renews Automatically,2024-12-31,2023-05-01,20,6,2023-10-01
S-da0a69,A-49b828,2023-05-11,null,Pro,6,294,3528,FALSE,FALSE,FALSE,FALSE,Monthly,Renews Automatically,2024-12-31,2023-05-01,20,7,2023-11-01
S-da0a69,A-49b828,2023-05-11,null,Pro,6,294,3528,FALSE,FALSE,FALSE,FALSE,Monthly,Renews Automatically,2024-12-31,2023-05-01,20,8,2023-12-01
S-da0a69,A-49b828,2023-05-11,null,Pro,6,294,3528,FALSE,FALSE,FALSE,FALSE,Monthly,Renews Automatically,2024-12-31,2023-05-01,20,9,2024-01-01
S-da0a69,A-49b828,2023-05-11,null,Pro,6,294,3528,FALSE,FALSE,FALSE,FALSE,Monthly,Renews Automatically,2024-12-31,2023-05-01,20,10,2024-02-01
S-da0a69,A-49b828,2023-05-11,null,Pro,6,294,3528,FALSE,FALSE,FALSE,FALSE,Monthly,Renews Automatically,2024-12-31,2023-05-01,20,11,2024-03-01
S-da0a69,A-49b828,2023-05-11,null,Pro,6,294,3528,FALSE,FALSE,FALSE,FALSE,Monthly,Renews Automatically,2024-12-31,2023-05-01,20,12,2024-04-01
S-da0a69,A-49b828,2023-05-11,null,Pro,6,294,3528,FALSE,FALSE,FALSE,FALSE,Monthly,Renews Automatically,2024-12-31,2023-05-01,20,13,2024-05-01
S-da0a69,A-49b828,2023-05-11,null,Pro,6,294,3528,FALSE,FALSE,FALSE,FALSE,Monthly,Renews Automatically,2024-12-31,2023-05-01,20,14,2024-06-01
S-da0a69,A-49b828,2023-05-11,null,Pro,6,294,3528,FALSE,FALSE,FALSE,FALSE,Monthly,Renews Automatically,2024-12-31,2023-05-01,20,15,2024-07-01
S-da0a69,A-49b828,2023-05-11,null,Pro,6,294,3528,FALSE,FALSE,FALSE,FALSE,Monthly,Renews Automatically,2024-12-31,2023-05-01,20,16,2024-08-01
S-da0a69,A-49b828,2023-05-11,null,Pro,6,294,3528,FALSE,FALSE,FALSE,FALSE,Monthly,Renews Automatically,2024-12-31,2023-05-01,20,17,2024-09-01
S-da0a69,A-49b828,2023-05-11,null,Pro,6,294,3528,FALSE,FALSE,FALSE,FALSE,Monthly,Renews Automatically,2024-12-31,2023-05-01,20,18,2024-10-01
S-da0a69,A-49b828,2023-05-11,null,Pro,6,294,3528,FALSE,FALSE,FALSE,FALSE,Monthly,Renews Automatically,2024-12-31,2023-05-01,20,19,2024-11-01
S-da0a69,A-49b828,2023-05-11,null,Pro,6,294,3528,FALSE,FALSE,FALSE,FALSE,Monthly,Renews Automatically,2024-12-31,2023-05-01,20,20,2024-12-01
S-59c5d7,A-c16b88,2024-10-19,null,Basic,35,665,7980,FALSE,TRUE,FALSE,FALSE,Monthly,Renews Automatically,2024-12-31,2024-10-01,3,1,2024-10-01
S-59c5d7,A-c16b88,2024-10-19,null,Basic,35,665,7980,FALSE,TRUE,FALSE,FALSE,Monthly,Renews Automatically,2024-12-31,2024-10-01,3,2,2024-11-01
S-59c5d7,A-c16b88,2024-10-19,null,Basic,35,665,7980,FALSE,TRUE,FALSE,FALSE,Monthly,Renews Automatically,2024-12-31,2024-10-01,3,3,2024-12-01
S-d3faae,A-5c9849,2024-11-12,null,Basic,19,361,4332,FALSE,FALSE,FALSE,FALSE,Monthly,Renews Automatically,2024-12-31,2024-11-01,2,1,2024-11-01
S-d3faae,A-5c9849,2024-11-12,null,Basic,19,361,4332,FALSE,FALSE,FALSE,FALSE,Monthly,Renews Automatically,2024-12-31,2024-11-01,2,2,2024-12-01
S-73a4e4,A-993085,2024-09-09,null,Pro,31,1519,18228,FALSE,FALSE,FALSE,FALSE,Monthly,Renews Automatically,2024-12-31,2024-09-01,4,1,2024-09-01
S-73a4e4,A-993085,2024-09-09,null,Pro,31,1519,18228,FALSE,FALSE,FALSE,FALSE,Monthly,Renews Automatically,2024-12-31,2024-09-01,4,2,2024-10-01
S-73a4e4,A-993085,2024-09-09,null,Pro,31,1519,18228,FALSE,FALSE,FALSE,FALSE,Monthly,Renews Automatically,2024-12-31,2024-09-01,4,3,2024-11-01
S-73a4e4,A-993085,2024-09-09,null,Pro,31,1519,18228,FALSE,FALSE,FALSE,FALSE,Monthly,Renews Automatically,2024-12-31,2024-09-01,4,4,2024-12-01
S-35c8a3,A-e4144b,2024-12-22,null,Enterprise,41,8159,97908,FALSE,FALSE,FALSE,FALSE,Annual,Renews Automatically,2024-12-31,2024-12-01,1,1,2024-12-01
S-99fbf7,A-7dacce,2024-09-10,null,Enterprise,12,2388,28656,FALSE,FALSE,FALSE,FALSE,Annual,Renews Automatically,2024-12-31,2024-09-01,4,1,2024-09-01
S-99fbf7,A-7dacce,2024-09-10,null,Enterprise,12,2388,28656,FALSE,FALSE,FALSE,FALSE,Annual,Renews Automatically,2024-12-31,2024-09-01,4,2,2024-10-01
S-99fbf7,A-7dacce,2024-09-10,null,Enterprise,12,2388,28656,FALSE,FALSE,FALSE,FALSE,Annual,Renews Automatically,2024-12-31,2024-09-01,4,3,2024-11-01
S-99fbf7,A-7dacce,2024-09-10,null,Enterprise,12,2388,28656,FALSE,FALSE,FALSE,FALSE,Annual,Renews Automatically,2024-12-31,2024-09-01,4,4,2024-12-01
S-e97b9f,A-a0ca4e,2024-03-16,null,Enterprise,12,2388,28656,FALSE,FALSE,FALSE,FALSE,Annual,Renews Automatically,2024-12-31,2024-03-01,10,1,2024-03-01
S-e97b9f,A-a0ca4e,2024-03-16,null,Enterprise,12,2388,28656,FALSE,FALSE,FALSE,FALSE,Annual,Renews Automatically,2024-12-31,2024-03-01,10,2,2024-04-01
S-e97b9f,A-a0ca4e,2024-03-16,null,Enterprise,12,2388,28656,FALSE,FALSE,FALSE,FALSE,Annual,Renews Automatically,2024-12-31,2024-03-01,10,3,2024-05-01
S-e97b9f,A-a0ca4e,2024-03-16,null,Enterprise,12,2388,28656,FALSE,FALSE,FALSE,FALSE,Annual,Renews Automatically,2024-12-31,2024-03-01,10,4,2024-06-01
S-e97b9f,A-a0ca4e,2024-03-16,null,Enterprise,12,2388,28656,FALSE,FALSE,FALSE,FALSE,Annual,Renews Automatically,2024-12-31,2024-03-01,10,5,2024-07-01
S-e97b9f,A-a0ca4e,2024-03-16,null,Enterprise,12,2388,28656,FALSE,FALSE,FALSE,FALSE,Annual,Renews Automatically,2024-12-31,2024-03-01,10,6,2024-08-01
S-e97b9f,A-a0ca4e,2024-03-16,null,Enterprise,12,2388,28656,FALSE,FALSE,FALSE,FALSE,Annual,Renews Automatically,2024-12-31,2024-03-01,10,7,2024-09-01
S-e97b9f,A-a0ca4e,2024-03-16,null,Enterprise,12,2388,28656,FALSE,FALSE,FALSE,FALSE,Annual,Renews Automatically,2024-12-31,2024-03-01,10,8,2024-10-01
S-e97b9f,A-a0ca4e,2024-03-16,null,Enterprise,12,2388,28656,FALSE,FALSE,FALSE,FALSE,Annual,Renews Automatically,2024-12-31,2024-03-01,10,9,2024-11-01
S-e97b9f,A-a0ca4e,2024-03-16,null,Enterprise,12,2388,28656,FALSE,FALSE,FALSE,FALSE,Annual,Renews Automatically,2024-12-31,2024-03-01,10,10,2024-12-01
S-763d33,A-ef84cf,2024-07-25,null,Basic,23,437,5244,FALSE,FALSE,TRUE,FALSE,Annual,Manual Renewal,2024-12-31,2024-07-01,6,1,2024-07-01
S-763d33,A-ef84cf,2024-07-25,null,Basic,23,437,5244,FALSE,FALSE,TRUE,FALSE,Annual,Manual Renewal,2024-12-31,2024-07-01,6,2,2024-08-01
S-763d33,A-ef84cf,2024-07-25,null,Basic,23,437,5244,FALSE,FALSE,TRUE,FALSE,Annual,Manual Renewal,2024-12-31,2024-07-01,6,3,2024-09-01
S-763d33,A-ef84cf,2024-07-25,null,Basic,23,437,5244,FALSE,FALSE,TRUE,FALSE,Annual,Manual Renewal,2024-12-31,2024-07-01,6,4,2024-10-01
S-763d33,A-ef84cf,2024-07-25,null,Basic,23,437,5244,FALSE,FALSE,TRUE,FALSE,Annual,Manual Renewal,2024-12-31,2024-07-01,6,5,2024-11-01
S-763d33,A-ef84cf,2024-07-25,null,Basic,23,437,5244,FALSE,FALSE,TRUE,FALSE,Annual,Manual Renewal,2024-12-31,2024-07-01,6,6,2024-12-01
S-323782,A-7920cc,2024-02-22,null,Basic,39,741,8892,FALSE,FALSE,FALSE,FALSE,Monthly,Renews Automatically,2024-12-31,2024-02-01,11,1,2024-02-01
S-323782,A-7920cc,2024-02-22,null,Basic,39,741,8892,FALSE,FALSE,FALSE,FALSE,Monthly,Renews Automatically,2024-12-31,2024-02-01,11,2,2024-03-01
S-323782,A-7920cc,2024-02-22,null,Basic,39,741,8892,FALSE,FALSE,FALSE,FALSE,Monthly,Renews Automatically,2024-12-31,2024-02-01,11,3,2024-04-01
S-323782,A-7920cc,2024-02-22,null,Basic,39,741,8892,FALSE,FALSE,FALSE,FALSE,Monthly,Renews Automatically,2024-12-31,2024-02-01,11,4,2024-05-01
S-323782,A-7920cc,2024-02-22,null,Basic,39,741,8892,FALSE,FALSE,FALSE,FALSE,Monthly,Renews Automatically,2024-12-31,2024-02-01,11,5,2024-06-01
S-323782,A-7920cc,2024-02-22,null,Basic,39,741,8892,FALSE,FALSE,FALSE,FALSE,Monthly,Renews Automatically,2024-12-31,2024-02-01,11,6,2024-07-01
S-323782,A-7920cc,2024-02-22,null,Basic,39,741,8892,FALSE,FALSE,FALSE,FALSE,Monthly,Renews Automatically,2024-12-31,2024-02-01,11,7,2024-08-01
S-323782,A-7920cc,2024-02-22,null,Basic,39,741,8892,FALSE,FALSE,FALSE,FALSE,Monthly,Renews Automatically,2024-12-31,2024-02-01,11,8,2024-09-01
S-323782,A-7920cc,2024-02-22,null,Basic,39,741,8892,FALSE,FALSE,FALSE,FALSE,Monthly,Renews Automatically,2024-12-31,2024-02-01,11,9,2024-10-01
S-323782,A-7920cc,2024-02-22,null,Basic,39,741,8892,FALSE,FALSE,FALSE,FALSE,Monthly,Renews Automatically,2024-12-31,2024-02-01,11,10,2024-11-01
S-323782,A-7920cc,2024-02-22,null,Basic,39,741,8892,FALSE,FALSE,FALSE,FALSE,Monthly,Renews Automatically,2024-12-31,2024-02-01,11,11,2024-12-01
S-1cff18,A-2789e3,2024-10-03,null,Basic,11,209,2508,FALSE,FALSE,FALSE,FALSE,Monthly,Renews Automatically,2024-12-31,2024-10-01,3,1,2024-10-01
S-1cff18,A-2789e3,2024-10-03,null,Basic,11,209,2508,FALSE,FALSE,FALSE,FALSE,Monthly,Renews Automatically,2024-12-31,2024-10-01,3,2,2024-11-01
S-1cff18,A-2789e3,2024-10-03,null,Basic,11,209,2508,FALSE,FALSE,FALSE,FALSE,Monthly,Renews Automatically,2024-12-31,2024-10-01,3,3,2024-12-01
S-bf806d,A-7c5768,2024-09-21,null,Basic,62,1178,14136,FALSE,FALSE,FALSE,FALSE,Annual,Renews Automatically,2024-12-31,2024-09-01,4,1,2024-09-01
S-bf806d,A-7c5768,2024-09-21,null,Basic,62,1178,14136,FALSE,FALSE,FALSE,FALSE,Annual,Renews Automatically,2024-12-31,2024-09-01,4,2,2024-10-01
S-bf806d,A-7c5768,2024-09-21,null,Basic,62,1178,14136,FALSE,FALSE,FALSE,FALSE,Annual,Renews Automatically,2024-12-31,2024-09-01,4,3,2024-11-01
S-bf806d,A-7c5768,2024-09-21,null,Basic,62,1178,14136,FALSE,FALSE,FALSE,FALSE,Annual,Renews Automatically,2024-12-31,2024-09-01,4,4,2024-12-01
S-36f6ec,A-ccb686,2024-08-16,null,Pro,21,1029,12348,FALSE,TRUE,FALSE,FALSE,Monthly,Renews Automatically,2024-12-31,2024-08-01,5,1,2024-08-01
S-36f6ec,A-ccb686,2024-08-16,null,Pro,21,1029,12348,FALSE,TRUE,FALSE,FALSE,Monthly,Renews Automatically,2024-12-31,2024-08-01,5,2,2024-09-01
S-36f6ec,A-ccb686,2024-08-16,null,Pro,21,1029,12348,FALSE,TRUE,FALSE,FALSE,Monthly,Renews Automatically,2024-12-31,2024-08-01,5,3,2024-10-01
S-36f6ec,A-ccb686,2024-08-16,null,Pro,21,1029,12348,FALSE,TRUE,FALSE,FALSE,Monthly,Renews Automatically,2024-12-31,2024-08-01,5,4,2024-11-01
S-36f6ec,A-ccb686,2024-08-16,null,Pro,21,1029,12348,FALSE,TRUE,FALSE,FALSE,Monthly,Renews Automatically,2024-12-31,2024-08-01,5,5,2024-12-01
S-b9fc6c,A-2ebb4b,2023-06-16,null,Basic,41,779,9348,FALSE,FALSE,FALSE,FALSE,Annual,Renews Automatically,2024-12-31,2023-06-01,19,1,2023-06-01
S-b9fc6c,A-2ebb4b,2023-06-16,null,Basic,41,779,9348,FALSE,FALSE,FALSE,FALSE,Annual,Renews Automatically,2024-12-31,2023-06-01,19,2,2023-07-01
S-b9fc6c,A-2ebb4b,2023-06-16,null,Basic,41,779,9348,FALSE,FALSE,FALSE,FALSE,Annual,Renews Automatically,2024-12-31,2023-06-01,19,3,2023-08-01
S-b9fc6c,A-2ebb4b,2023-06-16,null,Basic,41,779,9348,FALSE,FALSE,FALSE,FALSE,Annual,Renews Automatically,2024-12-31,2023-06-01,19,4,2023-09-01
S-b9fc6c,A-2ebb4b,2023-06-16,null,Basic,41,779,9348,FALSE,FALSE,FALSE,FALSE,Annual,Renews Automatically,2024-12-31,2023-06-01,19,5,2023-10-01
S-b9fc6c,A-2ebb4b,2023-06-16,null,Basic,41,779,9348,FALSE,FALSE,FALSE,FALSE,Annual,Renews Automatically,2024-12-31,2023-06-01,19,6,2023-11-01
S-b9fc6c,A-2ebb4b,2023-06-16,null,Basic,41,779,9348,FALSE,FALSE,FALSE,FALSE,Annual,Renews Automatically,2024-12-31,2023-06-01,19,7,2023-12-01
S-b9fc6c,A-2ebb4b,2023-06-16,null,Basic,41,779,9348,FALSE,FALSE,FALSE,FALSE,Annual,Renews Automatically,2024-12-31,2023-06-01,19,8,2024-01-01
S-b9fc6c,A-2ebb4b,2023-06-16,null,Basic,41,779,9348,FALSE,FALSE,FALSE,FALSE,Annual,Renews Automatically,2024-12-31,2023-06-01,19,9,2024-02-01
S-b9fc6c,A-2ebb4b,2023-06-16,null,Basic,41,779,9348,FALSE,FALSE,FALSE,FALSE,Annual,Renews Automatically,2024-12-31,2023-06-01,19,10,2024-03-01
S-b9fc6c,A-2ebb4b,2023-06-16,null,Basic,41,779,9348,FALSE,FALSE,FALSE,FALSE,Annual,Renews Automatically,2024-12-31,2023-06-01,19,11,2024-04-01
S-b9fc6c,A-2ebb4b,2023-06-16,null,Basic,41,779,9348,FALSE,FALSE,FALSE,FALSE,Annual,Renews Automatically,2024-12-31,2023-06-01,19,12,2024-05-01
S-b9fc6c,A-2ebb4b,2023-06-16,null,Basic,41,779,9348,FALSE,FALSE,FALSE,FALSE,Annual,Renews Automatically,2024-12-31,2023-06-01,19,13,2024-06-01
S-b9fc6c,A-2ebb4b,2023-06-16,null,Basic,41,779,9348,FALSE,FALSE,FALSE,FALSE,Annual,Renews Automatically,2024-12-31,2023-06-01,19,14,2024-07-01
S-b9fc6c,A-2ebb4b,2023-06-16,null,Basic,41,779,9348,FALSE,FALSE,FALSE,FALSE,Annual,Renews Automatically,2024-12-31,2023-06-01,19,15,2024-08-01
S-b9fc6c,A-2ebb4b,2023-06-16,null,Basic,41,779,9348,FALSE,FALSE,FALSE,FALSE,Annual,Renews Automatically,2024-12-31,2023-06-01,19,16,2024-09-01
S-b9fc6c,A-2ebb4b,2023-06-16,null,Basic,41,779,9348,FALSE,FALSE,FALSE,FALSE,Annual,Renews Automatically,2024-12-31,2023-06-01,19,17,2024-10-01
S-b9fc6c,A-2ebb4b,2023-06-16,null,Basic,41,779,9348,FALSE,FALSE,FALSE,FALSE,Annual,Renews Automatically,2024-12-31,2023-06-01,19,18,2024-11-01
S-b9fc6c,A-2ebb4b,2023-06-16,null,Basic,41,779,9348,FALSE,FALSE,FALSE,FALSE,Annual,Renews Automatically,2024-12-31,2023-06-01,19,19,2024-12-01
S-7f8cd8,A-53f4e3,2024-09-18,2024-11-17,Enterprise,20,3980,47760,FALSE,FALSE,FALSE,TRUE,Monthly,Renews Automatically,2024-11-17,2024-09-01,2,1,2024-09-01
S-7f8cd8,A-53f4e3,2024-09-18,2024-11-17,Enterprise,20,3980,47760,FALSE,FALSE,FALSE,TRUE,Monthly,Renews Automatically,2024-11-17,2024-09-01,2,2,2024-10-01
S-e912e6,A-a8d89d,2023-12-12,null,Enterprise,78,15522,186264,FALSE,FALSE,FALSE,FALSE,Monthly,Renews Automatically,2024-12-31,2023-12-01,13,1,2023-12-01
S-e912e6,A-a8d89d,2023-12-12,null,Enterprise,78,15522,186264,FALSE,FALSE,FALSE,FALSE,Monthly,Renews Automatically,2024-12-31,2023-12-01,13,2,2024-01-01
S-e912e6,A-a8d89d,2023-12-12,null,Enterprise,78,15522,186264,FALSE,FALSE,FALSE,FALSE,Monthly,Renews Automatically,2024-12-31,2023-12-01,13,3,2024-02-01
S-e912e6,A-a8d89d,2023-12-12,null,Enterprise,78,15522,186264,FALSE,FALSE,FALSE,FALSE,Monthly,Renews Automatically,2024-12-31,2023-12-01,13,4,2024-03-01
S-e912e6,A-a8d89d,2023-12-12,null,Enterprise,78,15522,186264,FALSE,FALSE,FALSE,FALSE,Monthly,Renews Automatically,2024-12-31,2023-12-01,13,5,2024-04-01
S-e912e6,A-a8d89d,2023-12-12,null,Enterprise,78,15522,186264,FALSE,FALSE,FALSE,FALSE,Monthly,Renews Automatically,2024-12-31,2023-12-01,13,6,2024-05-01
S-e912e6,A-a8d89d,2023-12-12,null,Enterprise,78,15522,186264,FALSE,FALSE,FALSE,FALSE,Monthly,Renews Automatically,2024-12-31,2023-12-01,13,7,2024-06-01
S-e912e6,A-a8d89d,2023-12-12,null,Enterprise,78,15522,186264,FALSE,FALSE,FALSE,FALSE,Monthly,Renews Automatically,2024-12-31,2023-12-01,13,8,2024-07-01
S-e912e6,A-a8d89d,2023-12-12,null,Enterprise,78,15522,186264,FALSE,FALSE,FALSE,FALSE,Monthly,Renews Automatically,2024-12-31,2023-12-01,13,9,2024-08-01
S-e912e6,A-a8d89d,2023-12-12,null,Enterprise,78,15522,186264,FALSE,FALSE,FALSE,FALSE,Monthly,Renews Automatically,2024-12-31,2023-12-01,13,10,2024-09-01
S-e912e6,A-a8d89d,2023-12-12,null,Enterprise,78,15522,186264,FALSE,FALSE,FALSE,FALSE,Monthly,Renews Automatically,2024-12-31,2023-12-01,13,11,2024-10-01
S-e912e6,A-a8d89d,2023-12-12,null,Enterprise,78,15522,186264,FALSE,FALSE,FALSE,FALSE,Monthly,Renews Automatically,2024-12-31,2023-12-01,13,12,2024-11-01
S-e912e6,A-a8d89d,2023-12-12,null,Enterprise,78,15522,186264,FALSE,FALSE,FALSE,FALSE,Monthly,Renews Automatically,2024-12-31,2023-12-01,13,13,2024-12-01
S-fef85a,A-7f8241,2024-08-06,null,Pro,34,1666,19992,FALSE,FALSE,FALSE,FALSE,Annual,Renews Automatically,2024-12-31,2024-08-01,5,1,2024-08-01
S-fef85a,A-7f8241,2024-08-06,null,Pro,34,1666,19992,FALSE,FALSE,FALSE,FALSE,Annual,Renews Automatically,2024-12-31,2024-08-01,5,2,2024-09-01
S-fef85a,A-7f8241,2024-08-06,null,Pro,34,1666,19992,FALSE,FALSE,FALSE,FALSE,Annual,Renews Automatically,2024-12-31,2024-08-01,5,3,2024-10-01
S-fef85a,A-7f8241,2024-08-06,null,Pro,34,1666,19992,FALSE,FALSE,FALSE,FALSE,Annual,Renews Automatically,2024-12-31,2024-08-01,5,4,2024-11-01
S-fef85a,A-7f8241,2024-08-06,null,Pro,34,1666,19992,FALSE,FALSE,FALSE,FALSE,Annual,Renews Automatically,2024-12-31,2024-08-01,5,5,2024-12-01
S-36d5c9,A-54ecc2,2023-09-16,null,Enterprise,11,2189,26268,FALSE,FALSE,FALSE,FALSE,Monthly,Renews Automatically,2024-12-31,2023-09-01,16,1,2023-09-01
S-36d5c9,A-54ecc2,2023-09-16,null,Enterprise,11,2189,26268,FALSE,FALSE,FALSE,FALSE,Monthly,Renews Automatically,2024-12-31,2023-09-01,16,2,2023-10-01
S-36d5c9,A-54ecc2,2023-09-16,null,Enterprise,11,2189,26268,FALSE,FALSE,FALSE,FALSE,Monthly,Renews Automatically,2024-12-31,2023-09-01,16,3,2023-11-01
S-36d5c9,A-54ecc2,2023-09-16,null,Enterprise,11,2189,26268,FALSE,FALSE,FALSE,FALSE,Monthly,Renews Automatically,2024-12-31,2023-09-01,16,4,2023-12-01
S-36d5c9,A-54ecc2,2023-09-16,null,Enterprise,11,2189,26268,FALSE,FALSE,FALSE,FALSE,Monthly,Renews Automatically,2024-12-31,2023-09-01,16,5,2024-01-01
S-36d5c9,A-54ecc2,2023-09-16,null,Enterprise,11,2189,26268,FALSE,FALSE,FALSE,FALSE,Monthly,Renews Automatically,2024-12-31,2023-09-01,16,6,2024-02-01
S-36d5c9,A-54ecc2,2023-09-16,null,Enterprise,11,2189,26268,FALSE,FALSE,FALSE,FALSE,Monthly,Renews Automatically,2024-12-31,2023-09-01,16,7,2024-03-01
S-36d5c9,A-54ecc2,2023-09-16,null,Enterprise,11,2189,26268,FALSE,FALSE,FALSE,FALSE,Monthly,Renews Automatically,2024-12-31,2023-09-01,16,8,2024-04-01
S-36d5c9,A-54ecc2,2023-09-16,null,Enterprise,11,2189,26268,FALSE,FALSE,FALSE,FALSE,Monthly,Renews Automatically,2024-12-31,2023-09-01,16,9,2024-05-01
S-36d5c9,A-54ecc2,2023-09-16,null,Enterprise,11,2189,26268,FALSE,FALSE,FALSE,FALSE,Monthly,Renews Automatically,2024-12-31,2023-09-01,16,10,2024-06-01
S-36d5c9,A-54ecc2,2023-09-16,null,Enterprise,11,2189,26268,FALSE,FALSE,FALSE,FALSE,Monthly,Renews Automatically,2024-12-31,2023-09-01,16,11,2024-07-01
S-36d5c9,A-54ecc2,2023-09-16,null,Enterprise,11,2189,26268,FALSE,FALSE,FALSE,FALSE,Monthly,Renews Automatically,2024-12-31,2023-09-01,16,12,2024-08-01
S-36d5c9,A-54ecc2,2023-09-16,null,Enterprise,11,2189,26268,FALSE,FALSE,FALSE,FALSE,Monthly,Renews Automatically,2024-12-31,2023-09-01,16,13,2024-09-01
S-36d5c9,A-54ecc2,2023-09-16,null,Enterprise,11,2189,26268,FALSE,FALSE,FALSE,FALSE,Monthly,Renews Automatically,2024-12-31,2023-09-01,16,14,2024-10-01
S-36d5c9,A-54ecc2,2023-09-16,null,Enterprise,11,2189,26268,FALSE,FALSE,FALSE,FALSE,Monthly,Renews Automatically,2024-12-31,2023-09-01,16,15,2024-11-01
S-36d5c9,A-54ecc2,2023-09-16,null,Enterprise,11,2189,26268,FALSE,FALSE,FALSE,FALSE,Monthly,Renews Automatically,2024-12-31,2023-09-01,16,16,2024-12-01
S-b9ff15,A-95b24a,2024-01-08,null,Enterprise,43,8557,102684,FALSE,FALSE,FALSE,FALSE,Annual,Manual Renewal,2024-12-31,2024-01-01,12,1,2024-01-01
S-b9ff15,A-95b24a,2024-01-08,null,Enterprise,43,8557,102684,FALSE,FALSE,FALSE,FALSE,Annual,Manual Renewal,2024-12-31,2024-01-01,12,2,2024-02-01
S-b9ff15,A-95b24a,2024-01-08,null,Enterprise,43,8557,102684,FALSE,FALSE,FALSE,FALSE,Annual,Manual Renewal,2024-12-31,2024-01-01,12,3,2024-03-01
S-b9ff15,A-95b24a,2024-01-08,null,Enterprise,43,8557,102684,FALSE,FALSE,FALSE,FALSE,Annual,Manual Renewal,2024-12-31,2024-01-01,12,4,2024-04-01
S-b9ff15,A-95b24a,2024-01-08,null,Enterprise,43,8557,102684,FALSE,FALSE,FALSE,FALSE,Annual,Manual Renewal,2024-12-31,2024-01-01,12,5,2024-05-01
S-b9ff15,A-95b24a,2024-01-08,null,Enterprise,43,8557,102684,FALSE,FALSE,FALSE,FALSE,Annual,Manual Renewal,2024-12-31,2024-01-01,12,6,2024-06-01
S-b9ff15,A-95b24a,2024-01-08,null,Enterprise,43,8557,102684,FALSE,FALSE,FALSE,FALSE,Annual,Manual Renewal,2024-12-31,2024-01-01,12,7,2024-07-01
S-b9ff15,A-95b24a,2024-01-08,null,Enterprise,43,8557,102684,FALSE,FALSE,FALSE,FALSE,Annual,Manual Renewal,2024-12-31,2024-01-01,12,8,2024-08-01
S-b9ff15,A-95b24a,2024-01-08,null,Enterprise,43,8557,102684,FALSE,FALSE,FALSE,FALSE,Annual,Manual Renewal,2024-12-31,2024-01-01,12,9,2024-09-01
S-b9ff15,A-95b24a,2024-01-08,null,Enterprise,43,8557,102684,FALSE,FALSE,FALSE,FALSE,Annual,Manual Renewal,2024-12-31,2024-01-01,12,10,2024-10-01
S-b9ff15,A-95b24a,2024-01-08,null,Enterprise,43,8557,102684,FALSE,FALSE,FALSE,FALSE,Annual,Manual Renewal,2024-12-31,2024-01-01,12,11,2024-11-01
S-b9ff15,A-95b24a,2024-01-08,null,Enterprise,43,8557,102684,FALSE,FALSE,FALSE,FALSE,Annual,Manual Renewal,2024-12-31,2024-01-01,12,12,2024-12-01
S-10bd09,A-bbc346,2024-09-03,null,Basic,50,950,11400,FALSE,FALSE,FALSE,FALSE,Annual,Renews Automatically,2024-12-31,2024-09-01,4,1,2024-09-01
S-10bd09,A-bbc346,2024-09-03,null,Basic,50,950,11400,FALSE,FALSE,FALSE,FALSE,Annual,Renews Automatically,2024-12-31,2024-09-01,4,2,2024-10-01
S-10bd09,A-bbc346,2024-09-03,null,Basic,50,950,11400,FALSE,FALSE,FALSE,FALSE,Annual,Renews Automatically,2024-12-31,2024-09-01,4,3,2024-11-01
S-10bd09,A-bbc346,2024-09-03,null,Basic,50,950,11400,FALSE,FALSE,FALSE,FALSE,Annual,Renews Automatically,2024-12-31,2024-09-01,4,4,2024-12-01
S-12bfc8,A-31ab9a,2024-12-06,null,Enterprise,29,5771,69252,FALSE,FALSE,FALSE,FALSE,Monthly,Manual Renewal,2024-12-31,2024-12-01,1,1,2024-12-01
S-f5c472,A-faa28c,2024-07-09,null,Basic,48,912,10944,FALSE,FALSE,FALSE,FALSE,Monthly,Renews Automatically,2024-12-31,2024-07-01,6,1,2024-07-01
S-f5c472,A-faa28c,2024-07-09,null,Basic,48,912,10944,FALSE,FALSE,FALSE,FALSE,Monthly,Renews Automatically,2024-12-31,2024-07-01,6,2,2024-08-01
S-f5c472,A-faa28c,2024-07-09,null,Basic,48,912,10944,FALSE,FALSE,FALSE,FALSE,Monthly,Renews Automatically,2024-12-31,2024-07-01,6,3,2024-09-01
S-f5c472,A-faa28c,2024-07-09,null,Basic,48,912,10944,FALSE,FALSE,FALSE,FALSE,Monthly,Renews Automatically,2024-12-31,2024-07-01,6,4,2024-10-01
S-f5c472,A-faa28c,2024-07-09,null,Basic,48,912,10944,FALSE,FALSE,FALSE,FALSE,Monthly,Renews Automatically,2024-12-31,2024-07-01,6,5,2024-11-01
S-f5c472,A-faa28c,2024-07-09,null,Basic,48,912,10944,FALSE,FALSE,FALSE,FALSE,Monthly,Renews Automatically,2024-12-31,2024-07-01,6,6,2024-12-01
S-dbc1ca,A-8adedc,2024-04-24,null,Enterprise,14,2786,33432,FALSE,FALSE,FALSE,FALSE,Annual,Renews Automatically,2024-12-31,2024-04-01,9,1,2024-04-01
S-dbc1ca,A-8adedc,2024-04-24,null,Enterprise,14,2786,33432,FALSE,FALSE,FALSE,FALSE,Annual,Renews Automatically,2024-12-31,2024-04-01,9,2,2024-05-01
S-dbc1ca,A-8adedc,2024-04-24,null,Enterprise,14,2786,33432,FALSE,FALSE,FALSE,FALSE,Annual,Renews Automatically,2024-12-31,2024-04-01,9,3,2024-06-01
S-dbc1ca,A-8adedc,2024-04-24,null,Enterprise,14,2786,33432,FALSE,FALSE,FALSE,FALSE,Annual,Renews Automatically,2024-12-31,2024-04-01,9,4,2024-07-01
S-dbc1ca,A-8adedc,2024-04-24,null,Enterprise,14,2786,33432,FALSE,FALSE,FALSE,FALSE,Annual,Renews Automatically,2024-12-31,2024-04-01,9,5,2024-08-01
S-dbc1ca,A-8adedc,2024-04-24,null,Enterprise,14,2786,33432,FALSE,FALSE,FALSE,FALSE,Annual,Renews Automatically,2024-12-31,2024-04-01,9,6,2024-09-01
S-dbc1ca,A-8adedc,2024-04-24,null,Enterprise,14,2786,33432,FALSE,FALSE,FALSE,FALSE,Annual,Renews Automatically,2024-12-31,2024-04-01,9,7,2024-10-01
S-dbc1ca,A-8adedc,2024-04-24,null,Enterprise,14,2786,33432,FALSE,FALSE,FALSE,FALSE,Annual,Renews Automatically,2024-12-31,2024-04-01,9,8,2024-11-01
S-dbc1ca,A-8adedc,2024-04-24,null,Enterprise,14,2786,33432,FALSE,FALSE,FALSE,FALSE,Annual,Renews Automatically,2024-12-31,2024-04-01,9,9,2024-12-01
S-dc6dfd,A-e08cd3,2024-09-30,null,Pro,67,3283,39396,FALSE,FALSE,FALSE,FALSE,Monthly,Renews Automatically,2024-12-31,2024-09-01,4,1,2024-09-01
S-dc6dfd,A-e08cd3,2024-09-30,null,Pro,67,3283,39396,FALSE,FALSE,FALSE,FALSE,Monthly,Renews Automatically,2024-12-31,2024-09-01,4,2,2024-10-01
S-dc6dfd,A-e08cd3,2024-09-30,null,Pro,67,3283,39396,FALSE,FALSE,FALSE,FALSE,Monthly,Renews Automatically,2024-12-31,2024-09-01,4,3,2024-11-01
S-dc6dfd,A-e08cd3,2024-09-30,null,Pro,67,3283,39396,FALSE,FALSE,FALSE,FALSE,Monthly,Renews Automatically,2024-12-31,2024-09-01,4,4,2024-12-01
S-b2d472,A-bcf87c,2024-08-27,2024-12-11,Enterprise,10,1990,23880,FALSE,FALSE,FALSE,TRUE,Annual,Manual Renewal,2024-12-11,2024-08-01,4,1,2024-08-01
S-b2d472,A-bcf87c,2024-08-27,2024-12-11,Enterprise,10,1990,23880,FALSE,FALSE,FALSE,TRUE,Annual,Manual Renewal,2024-12-11,2024-08-01,4,2,2024-09-01
S-b2d472,A-bcf87c,2024-08-27,2024-12-11,Enterprise,10,1990,23880,FALSE,FALSE,FALSE,TRUE,Annual,Manual Renewal,2024-12-11,2024-08-01,4,3,2024-10-01
S-b2d472,A-bcf87c,2024-08-27,2024-12-11,Enterprise,10,1990,23880,FALSE,FALSE,FALSE,TRUE,Annual,Manual Renewal,2024-12-11,2024-08-01,4,4,2024-11-01
S-9dfce0,A-e6afc1,2024-08-30,null,Pro,2,98,1176,FALSE,FALSE,FALSE,FALSE,Annual,Renews Automatically,2024-12-31,2024-08-01,5,1,2024-08-01
S-9dfce0,A-e6afc1,2024-08-30,null,Pro,2,98,1176,FALSE,FALSE,FALSE,FALSE,Annual,Renews Automatically,2024-12-31,2024-08-01,5,2,2024-09-01
S-9dfce0,A-e6afc1,2024-08-30,null,Pro,2,98,1176,FALSE,FALSE,FALSE,FALSE,Annual,Renews Automatically,2024-12-31,2024-08-01,5,3,2024-10-01
S-9dfce0,A-e6afc1,2024-08-30,null,Pro,2,98,1176,FALSE,FALSE,FALSE,FALSE,Annual,Renews Automatically,2024-12-31,2024-08-01,5,4,2024-11-01
S-9dfce0,A-e6afc1,2024-08-30,null,Pro,2,98,1176,FALSE,FALSE,FALSE,FALSE,Annual,Renews Automatically,2024-12-31,2024-08-01,5,5,2024-12-01
S-9cb6a7,A-7f29a7,2024-12-21,null,Basic,41,779,9348,FALSE,FALSE,FALSE,FALSE,Monthly,Renews Automatically,2024-12-31,2024-12-01,1,1,2024-12-01
S-2923fc,A-fa3095,2024-07-08,null,Enterprise,70,13930,167160,FALSE,FALSE,FALSE,FALSE,Annual,Renews Automatically,2024-12-31,2024-07-01,6,1,2024-07-01
S-2923fc,A-fa3095,2024-07-08,null,Enterprise,70,13930,167160,FALSE,FALSE,FALSE,FALSE,Annual,Renews Automatically,2024-12-31,2024-07-01,6,2,2024-08-01
S-2923fc,A-fa3095,2024-07-08,null,Enterprise,70,13930,167160,FALSE,FALSE,FALSE,FALSE,Annual,Renews Automatically,2024-12-31,2024-07-01,6,3,2024-09-01
S-2923fc,A-fa3095,2024-07-08,null,Enterprise,70,13930,167160,FALSE,FALSE,FALSE,FALSE,Annual,Renews Automatically,2024-12-31,2024-07-01,6,4,2024-10-01
S-2923fc,A-fa3095,2024-07-08,null,Enterprise,70,13930,167160,FALSE,FALSE,FALSE,FALSE,Annual,Renews Automatically,2024-12-31,2024-07-01,6,5,2024-11-01
S-2923fc,A-fa3095,2024-07-08,null,Enterprise,70,13930,167160,FALSE,FALSE,FALSE,FALSE,Annual,Renews Automatically,2024-12-31,2024-07-01,6,6,2024-12-01
S-025bea,A-9affe6,2024-06-25,null,Pro,17,833,9996,FALSE,TRUE,FALSE,FALSE,Monthly,Renews Automatically,2024-12-31,2024-06-01,7,1,2024-06-01
S-025bea,A-9affe6,2024-06-25,null,Pro,17,833,9996,FALSE,TRUE,FALSE,FALSE,Monthly,Renews Automatically,2024-12-31,2024-06-01,7,2,2024-07-01
S-025bea,A-9affe6,2024-06-25,null,Pro,17,833,9996,FALSE,TRUE,FALSE,FALSE,Monthly,Renews Automatically,2024-12-31,2024-06-01,7,3,2024-08-01
S-025bea,A-9affe6,2024-06-25,null,Pro,17,833,9996,FALSE,TRUE,FALSE,FALSE,Monthly,Renews Automatically,2024-12-31,2024-06-01,7,4,2024-09-01
S-025bea,A-9affe6,2024-06-25,null,Pro,17,833,9996,FALSE,TRUE,FALSE,FALSE,Monthly,Renews Automatically,2024-12-31,2024-06-01,7,5,2024-10-01
S-025bea,A-9affe6,2024-06-25,null,Pro,17,833,9996,FALSE,TRUE,FALSE,FALSE,Monthly,Renews Automatically,2024-12-31,2024-06-01,7,6,2024-11-01
S-025bea,A-9affe6,2024-06-25,null,Pro,17,833,9996,FALSE,TRUE,FALSE,FALSE,Monthly,Renews Automatically,2024-12-31,2024-06-01,7,7,2024-12-01
S-0e499f,A-296d7c,2024-08-17,null,Pro,16,784,9408,FALSE,FALSE,FALSE,FALSE,Annual,Manual Renewal,2024-12-31,2024-08-01,5,1,2024-08-01
S-0e499f,A-296d7c,2024-08-17,null,Pro,16,784,9408,FALSE,FALSE,FALSE,FALSE,Annual,Manual Renewal,2024-12-31,2024-08-01,5,2,2024-09-01
S-0e499f,A-296d7c,2024-08-17,null,Pro,16,784,9408,FALSE,FALSE,FALSE,FALSE,Annual,Manual Renewal,2024-12-31,2024-08-01,5,3,2024-10-01
S-0e499f,A-296d7c,2024-08-17,null,Pro,16,784,9408,FALSE,FALSE,FALSE,FALSE,Annual,Manual Renewal,2024-12-31,2024-08-01,5,4,2024-11-01
S-0e499f,A-296d7c,2024-08-17,null,Pro,16,784,9408,FALSE,FALSE,FALSE,FALSE,Annual,Manual Renewal,2024-12-31,2024-08-01,5,5,2024-12-01
S-b5b9a5,A-812c5b,2024-07-25,null,Basic,55,1045,12540,FALSE,FALSE,FALSE,FALSE,Monthly,Renews Automatically,2024-12-31,2024-07-01,6,1,2024-07-01
S-b5b9a5,A-812c5b,2024-07-25,null,Basic,55,1045,12540,FALSE,FALSE,FALSE,FALSE,Monthly,Renews Automatically,2024-12-31,2024-07-01,6,2,2024-08-01
S-b5b9a5,A-812c5b,2024-07-25,null,Basic,55,1045,12540,FALSE,FALSE,FALSE,FALSE,Monthly,Renews Automatically,2024-12-31,2024-07-01,6,3,2024-09-01
S-b5b9a5,A-812c5b,2024-07-25,null,Basic,55,1045,12540,FALSE,FALSE,FALSE,FALSE,Monthly,Renews Automatically,2024-12-31,2024-07-01,6,4,2024-10-01
S-b5b9a5,A-812c5b,2024-07-25,null,Basic,55,1045,12540,FALSE,FALSE,FALSE,FALSE,Monthly,Renews Automatically,2024-12-31,2024-07-01,6,5,2024-11-01
S-b5b9a5,A-812c5b,2024-07-25,null,Basic,55,1045,12540,FALSE,FALSE,FALSE,FALSE,Monthly,Renews Automatically,2024-12-31,2024-07-01,6,6,2024-12-01
S-8e45ba,A-7f8241,2023-12-13,null,Basic,34,646,7752,FALSE,FALSE,FALSE,FALSE,Annual,Manual Renewal,2024-12-31,2023-12-01,13,1,2023-12-01
S-8e45ba,A-7f8241,2023-12-13,null,Basic,34,646,7752,FALSE,FALSE,FALSE,FALSE,Annual,Manual Renewal,2024-12-31,2023-12-01,13,2,2024-01-01
S-8e45ba,A-7f8241,2023-12-13,null,Basic,34,646,7752,FALSE,FALSE,FALSE,FALSE,Annual,Manual Renewal,2024-12-31,2023-12-01,13,3,2024-02-01
S-8e45ba,A-7f8241,2023-12-13,null,Basic,34,646,7752,FALSE,FALSE,FALSE,FALSE,Annual,Manual Renewal,2024-12-31,2023-12-01,13,4,2024-03-01
S-8e45ba,A-7f8241,2023-12-13,null,Basic,34,646,7752,FALSE,FALSE,FALSE,FALSE,Annual,Manual Renewal,2024-12-31,2023-12-01,13,5,2024-04-01
S-8e45ba,A-7f8241,2023-12-13,null,Basic,34,646,7752,FALSE,FALSE,FALSE,FALSE,Annual,Manual Renewal,2024-12-31,2023-12-01,13,6,2024-05-01
S-8e45ba,A-7f8241,2023-12-13,null,Basic,34,646,7752,FALSE,FALSE,FALSE,FALSE,Annual,Manual Renewal,2024-12-31,2023-12-01,13,7,2024-06-01
S-8e45ba,A-7f8241,2023-12-13,null,Basic,34,646,7752,FALSE,FALSE,FALSE,FALSE,Annual,Manual Renewal,2024-12-31,2023-12-01,13,8,2024-07-01
S-8e45ba,A-7f8241,2023-12-13,null,Basic,34,646,7752,FALSE,FALSE,FALSE,FALSE,Annual,Manual Renewal,2024-12-31,2023-12-01,13,9,2024-08-01
S-8e45ba,A-7f8241,2023-12-13,null,Basic,34,646,7752,FALSE,FALSE,FALSE,FALSE,Annual,Manual Renewal,2024-12-31,2023-12-01,13,10,2024-09-01
S-8e45ba,A-7f8241,2023-12-13,null,Basic,34,646,7752,FALSE,FALSE,FALSE,FALSE,Annual,Manual Renewal,2024-12-31,2023-12-01,13,11,2024-10-01
S-8e45ba,A-7f8241,2023-12-13,null,Basic,34,646,7752,FALSE,FALSE,FALSE,FALSE,Annual,Manual Renewal,2024-12-31,2023-12-01,13,12,2024-11-01
S-8e45ba,A-7f8241,2023-12-13,null,Basic,34,646,7752,FALSE,FALSE,FALSE,FALSE,Annual,Manual Renewal,2024-12-31,2023-12-01,13,13,2024-12-01
S-37ed34,A-d4ac0e,2024-07-07,null,Enterprise,20,3980,47760,FALSE,FALSE,FALSE,FALSE,Annual,Renews Automatically,2024-12-31,2024-07-01,6,1,2024-07-01
S-37ed34,A-d4ac0e,2024-07-07,null,Enterprise,20,3980,47760,FALSE,FALSE,FALSE,FALSE,Annual,Renews Automatically,2024-12-31,2024-07-01,6,2,2024-08-01
S-37ed34,A-d4ac0e,2024-07-07,null,Enterprise,20,3980,47760,FALSE,FALSE,FALSE,FALSE,Annual,Renews Automatically,2024-12-31,2024-07-01,6,3,2024-09-01
S-37ed34,A-d4ac0e,2024-07-07,null,Enterprise,20,3980,47760,FALSE,FALSE,FALSE,FALSE,Annual,Renews Automatically,2024-12-31,2024-07-01,6,4,2024-10-01
S-37ed34,A-d4ac0e,2024-07-07,null,Enterprise,20,3980,47760,FALSE,FALSE,FALSE,FALSE,Annual,Renews Automatically,2024-12-31,2024-07-01,6,5,2024-11-01
S-37ed34,A-d4ac0e,2024-07-07,null,Enterprise,20,3980,47760,FALSE,FALSE,FALSE,FALSE,Annual,Renews Automatically,2024-12-31,2024-07-01,6,6,2024-12-01
S-65dbf3,A-17939a,2024-12-28,null,Basic,36,684,8208,FALSE,FALSE,FALSE,FALSE,Monthly,Renews Automatically,2024-12-31,2024-12-01,1,1,2024-12-01
S-6c969d,A-855a48,2024-05-08,null,Basic,14,266,3192,FALSE,FALSE,FALSE,FALSE,Monthly,Manual Renewal,2024-12-31,2024-05-01,8,1,2024-05-01
S-6c969d,A-855a48,2024-05-08,null,Basic,14,266,3192,FALSE,FALSE,FALSE,FALSE,Monthly,Manual Renewal,2024-12-31,2024-05-01,8,2,2024-06-01
S-6c969d,A-855a48,2024-05-08,null,Basic,14,266,3192,FALSE,FALSE,FALSE,FALSE,Monthly,Manual Renewal,2024-12-31,2024-05-01,8,3,2024-07-01
S-6c969d,A-855a48,2024-05-08,null,Basic,14,266,3192,FALSE,FALSE,FALSE,FALSE,Monthly,Manual Renewal,2024-12-31,2024-05-01,8,4,2024-08-01
S-6c969d,A-855a48,2024-05-08,null,Basic,14,266,3192,FALSE,FALSE,FALSE,FALSE,Monthly,Manual Renewal,2024-12-31,2024-05-01,8,5,2024-09-01
S-6c969d,A-855a48,2024-05-08,null,Basic,14,266,3192,FALSE,FALSE,FALSE,FALSE,Monthly,Manual Renewal,2024-12-31,2024-05-01,8,6,2024-10-01
S-6c969d,A-855a48,2024-05-08,null,Basic,14,266,3192,FALSE,FALSE,FALSE,FALSE,Monthly,Manual Renewal,2024-12-31,2024-05-01,8,7,2024-11-01
S-6c969d,A-855a48,2024-05-08,null,Basic,14,266,3192,FALSE,FALSE,FALSE,FALSE,Monthly,Manual Renewal,2024-12-31,2024-05-01,8,8,2024-12-01
S-522aef,A-f3ff05,2024-08-22,null,Pro,4,196,2352,FALSE,FALSE,FALSE,FALSE,Annual,Renews Automatically,2024-12-31,2024-08-01,5,1,2024-08-01
S-522aef,A-f3ff05,2024-08-22,null,Pro,4,196,2352,FALSE,FALSE,FALSE,FALSE,Annual,Renews Automatically,2024-12-31,2024-08-01,5,2,2024-09-01
S-522aef,A-f3ff05,2024-08-22,null,Pro,4,196,2352,FALSE,FALSE,FALSE,FALSE,Annual,Renews Automatically,2024-12-31,2024-08-01,5,3,2024-10-01
S-522aef,A-f3ff05,2024-08-22,null,Pro,4,196,2352,FALSE,FALSE,FALSE,FALSE,Annual,Renews Automatically,2024-12-31,2024-08-01,5,4,2024-11-01
S-522aef,A-f3ff05,2024-08-22,null,Pro,4,196,2352,FALSE,FALSE,FALSE,FALSE,Annual,Renews Automatically,2024-12-31,2024-08-01,5,5,2024-12-01
S-82db05,A-417d2f,2024-12-09,null,Pro,26,1274,15288,FALSE,FALSE,FALSE,FALSE,Monthly,Renews Automatically,2024-12-31,2024-12-01,1,1,2024-12-01
S-f703bd,A-202b67,2024-09-04,null,Pro,11,539,6468,FALSE,FALSE,FALSE,FALSE,Monthly,Renews Automatically,2024-12-31,2024-09-01,4,1,2024-09-01
S-f703bd,A-202b67,2024-09-04,null,Pro,11,539,6468,FALSE,FALSE,FALSE,FALSE,Monthly,Renews Automatically,2024-12-31,2024-09-01,4,2,2024-10-01
S-f703bd,A-202b67,2024-09-04,null,Pro,11,539,6468,FALSE,FALSE,FALSE,FALSE,Monthly,Renews Automatically,2024-12-31,2024-09-01,4,3,2024-11-01
S-f703bd,A-202b67,2024-09-04,null,Pro,11,539,6468,FALSE,FALSE,FALSE,FALSE,Monthly,Renews Automatically,2024-12-31,2024-09-01,4,4,2024-12-01
S-a1d6ad,A-eafc6e,2024-09-01,null,Pro,27,1323,15876,FALSE,FALSE,FALSE,FALSE,Monthly,Renews Automatically,2024-12-31,2024-09-01,4,1,2024-09-01
S-a1d6ad,A-eafc6e,2024-09-01,null,Pro,27,1323,15876,FALSE,FALSE,FALSE,FALSE,Monthly,Renews Automatically,2024-12-31,2024-09-01,4,2,2024-10-01
S-a1d6ad,A-eafc6e,2024-09-01,null,Pro,27,1323,15876,FALSE,FALSE,FALSE,FALSE,Monthly,Renews Automatically,2024-12-31,2024-09-01,4,3,2024-11-01
S-a1d6ad,A-eafc6e,2024-09-01,null,Pro,27,1323,15876,FALSE,FALSE,FALSE,FALSE,Monthly,Renews Automatically,2024-12-31,2024-09-01,4,4,2024-12-01
S-09cdac,A-82861f,2024-07-31,2024-09-04,Basic,41,779,9348,FALSE,FALSE,FALSE,TRUE,Annual,Renews Automatically,2024-09-04,2024-07-01,2,1,2024-07-01
S-09cdac,A-82861f,2024-07-31,2024-09-04,Basic,41,779,9348,FALSE,FALSE,FALSE,TRUE,Annual,Renews Automatically,2024-09-04,2024-07-01,2,2,2024-08-01
S-69937b,A-08e34e,2024-08-08,null,Pro,14,686,8232,FALSE,FALSE,FALSE,FALSE,Annual,Manual Renewal,2024-12-31,2024-08-01,5,1,2024-08-01
S-69937b,A-08e34e,2024-08-08,null,Pro,14,686,8232,FALSE,FALSE,FALSE,FALSE,Annual,Manual Renewal,2024-12-31,2024-08-01,5,2,2024-09-01
S-69937b,A-08e34e,2024-08-08,null,Pro,14,686,8232,FALSE,FALSE,FALSE,FALSE,Annual,Manual Renewal,2024-12-31,2024-08-01,5,3,2024-10-01
S-69937b,A-08e34e,2024-08-08,null,Pro,14,686,8232,FALSE,FALSE,FALSE,FALSE,Annual,Manual Renewal,2024-12-31,2024-08-01,5,4,2024-11-01
S-69937b,A-08e34e,2024-08-08,null,Pro,14,686,8232,FALSE,FALSE,FALSE,FALSE,Annual,Manual Renewal,2024-12-31,2024-08-01,5,5,2024-12-01
S-f2537d,A-e43bf7,2024-01-24,null,Pro,44,2156,25872,FALSE,FALSE,FALSE,FALSE,Monthly,Renews Automatically,2024-12-31,2024-01-01,12,1,2024-01-01
S-f2537d,A-e43bf7,2024-01-24,null,Pro,44,2156,25872,FALSE,FALSE,FALSE,FALSE,Monthly,Renews Automatically,2024-12-31,2024-01-01,12,2,2024-02-01
S-f2537d,A-e43bf7,2024-01-24,null,Pro,44,2156,25872,FALSE,FALSE,FALSE,FALSE,Monthly,Renews Automatically,2024-12-31,2024-01-01,12,3,2024-03-01
S-f2537d,A-e43bf7,2024-01-24,null,Pro,44,2156,25872,FALSE,FALSE,FALSE,FALSE,Monthly,Renews Automatically,2024-12-31,2024-01-01,12,4,2024-04-01
S-f2537d,A-e43bf7,2024-01-24,null,Pro,44,2156,25872,FALSE,FALSE,FALSE,FALSE,Monthly,Renews Automatically,2024-12-31,2024-01-01,12,5,2024-05-01
S-f2537d,A-e43bf7,2024-01-24,null,Pro,44,2156,25872,FALSE,FALSE,FALSE,FALSE,Monthly,Renews Automatically,2024-12-31,2024-01-01,12,6,2024-06-01
S-f2537d,A-e43bf7,2024-01-24,null,Pro,44,2156,25872,FALSE,FALSE,FALSE,FALSE,Monthly,Renews Automatically,2024-12-31,2024-01-01,12,7,2024-07-01
S-f2537d,A-e43bf7,2024-01-24,null,Pro,44,2156,25872,FALSE,FALSE,FALSE,FALSE,Monthly,Renews Automatically,2024-12-31,2024-01-01,12,8,2024-08-01
S-f2537d,A-e43bf7,2024-01-24,null,Pro,44,2156,25872,FALSE,FALSE,FALSE,FALSE,Monthly,Renews Automatically,2024-12-31,2024-01-01,12,9,2024-09-01
S-f2537d,A-e43bf7,2024-01-24,null,Pro,44,2156,25872,FALSE,FALSE,FALSE,FALSE,Monthly,Renews Automatically,2024-12-31,2024-01-01,12,10,2024-10-01
S-f2537d,A-e43bf7,2024-01-24,null,Pro,44,2156,25872,FALSE,FALSE,FALSE,FALSE,Monthly,Renews Automatically,2024-12-31,2024-01-01,12,11,2024-11-01
S-f2537d,A-e43bf7,2024-01-24,null,Pro,44,2156,25872,FALSE,FALSE,FALSE,FALSE,Monthly,Renews Automatically,2024-12-31,2024-01-01,12,12,2024-12-01
S-27f7b2,A-a1b80b,2024-04-03,null,Basic,38,722,8664,FALSE,FALSE,FALSE,FALSE,Annual,Renews Automatically,2024-12-31,2024-04-01,9,1,2024-04-01
S-27f7b2,A-a1b80b,2024-04-03,null,Basic,38,722,8664,FALSE,FALSE,FALSE,FALSE,Annual,Renews Automatically,2024-12-31,2024-04-01,9,2,2024-05-01
S-27f7b2,A-a1b80b,2024-04-03,null,Basic,38,722,8664,FALSE,FALSE,FALSE,FALSE,Annual,Renews Automatically,2024-12-31,2024-04-01,9,3,2024-06-01
S-27f7b2,A-a1b80b,2024-04-03,null,Basic,38,722,8664,FALSE,FALSE,FALSE,FALSE,Annual,Renews Automatically,2024-12-31,2024-04-01,9,4,2024-07-01
S-27f7b2,A-a1b80b,2024-04-03,null,Basic,38,722,8664,FALSE,FALSE,FALSE,FALSE,Annual,Renews Automatically,2024-12-31,2024-04-01,9,5,2024-08-01
S-27f7b2,A-a1b80b,2024-04-03,null,Basic,38,722,8664,FALSE,FALSE,FALSE,FALSE,Annual,Renews Automatically,2024-12-31,2024-04-01,9,6,2024-09-01
S-27f7b2,A-a1b80b,2024-04-03,null,Basic,38,722,8664,FALSE,FALSE,FALSE,FALSE,Annual,Renews Automatically,2024-12-31,2024-04-01,9,7,2024-10-01
S-27f7b2,A-a1b80b,2024-04-03,null,Basic,38,722,8664,FALSE,FALSE,FALSE,FALSE,Annual,Renews Automatically,2024-12-31,2024-04-01,9,8,2024-11-01
S-27f7b2,A-a1b80b,2024-04-03,null,Basic,38,722,8664,FALSE,FALSE,FALSE,FALSE,Annual,Renews Automatically,2024-12-31,2024-04-01,9,9,2024-12-01
S-9c2b8e,A-443f6f,2024-12-26,null,Basic,19,361,4332,FALSE,TRUE,FALSE,FALSE,Annual,Renews Automatically,2024-12-31,2024-12-01,1,1,2024-12-01
S-a4f26d,A-32728c,2023-05-21,null,Pro,20,980,11760,FALSE,FALSE,FALSE,FALSE,Monthly,Renews Automatically,2024-12-31,2023-05-01,20,1,2023-05-01
S-a4f26d,A-32728c,2023-05-21,null,Pro,20,980,11760,FALSE,FALSE,FALSE,FALSE,Monthly,Renews Automatically,2024-12-31,2023-05-01,20,2,2023-06-01
S-a4f26d,A-32728c,2023-05-21,null,Pro,20,980,11760,FALSE,FALSE,FALSE,FALSE,Monthly,Renews Automatically,2024-12-31,2023-05-01,20,3,2023-07-01
S-a4f26d,A-32728c,2023-05-21,null,Pro,20,980,11760,FALSE,FALSE,FALSE,FALSE,Monthly,Renews Automatically,2024-12-31,2023-05-01,20,4,2023-08-01
S-a4f26d,A-32728c,2023-05-21,null,Pro,20,980,11760,FALSE,FALSE,FALSE,FALSE,Monthly,Renews Automatically,2024-12-31,2023-05-01,20,5,2023-09-01
S-a4f26d,A-32728c,2023-05-21,null,Pro,20,980,11760,FALSE,FALSE,FALSE,FALSE,Monthly,Renews Automatically,2024-12-31,2023-05-01,20,6,2023-10-01
S-a4f26d,A-32728c,2023-05-21,null,Pro,20,980,11760,FALSE,FALSE,FALSE,FALSE,Monthly,Renews Automatically,2024-12-31,2023-05-01,20,7,2023-11-01
S-a4f26d,A-32728c,2023-05-21,null,Pro,20,980,11760,FALSE,FALSE,FALSE,FALSE,Monthly,Renews Automatically,2024-12-31,2023-05-01,20,8,2023-12-01
S-a4f26d,A-32728c,2023-05-21,null,Pro,20,980,11760,FALSE,FALSE,FALSE,FALSE,Monthly,Renews Automatically,2024-12-31,2023-05-01,20,9,2024-01-01
S-a4f26d,A-32728c,2023-05-21,null,Pro,20,980,11760,FALSE,FALSE,FALSE,FALSE,Monthly,Renews Automatically,2024-12-31,2023-05-01,20,10,2024-02-01
S-a4f26d,A-32728c,2023-05-21,null,Pro,20,980,11760,FALSE,FALSE,FALSE,FALSE,Monthly,Renews Automatically,2024-12-31,2023-05-01,20,11,2024-03-01
S-a4f26d,A-32728c,2023-05-21,null,Pro,20,980,11760,FALSE,FALSE,FALSE,FALSE,Monthly,Renews Automatically,2024-12-31,2023-05-01,20,12,2024-04-01
S-a4f26d,A-32728c,2023-05-21,null,Pro,20,980,11760,FALSE,FALSE,FALSE,FALSE,Monthly,Renews Automatically,2024-12-31,2023-05-01,20,13,2024-05-01
S-a4f26d,A-32728c,2023-05-21,null,Pro,20,980,11760,FALSE,FALSE,FALSE,FALSE,Monthly,Renews Automatically,2024-12-31,2023-05-01,20,14,2024-06-01
S-a4f26d,A-32728c,2023-05-21,null,Pro,20,980,11760,FALSE,FALSE,FALSE,FALSE,Monthly,Renews Automatically,2024-12-31,2023-05-01,20,15,2024-07-01
S-a4f26d,A-32728c,2023-05-21,null,Pro,20,980,11760,FALSE,FALSE,FALSE,FALSE,Monthly,Renews Automatically,2024-12-31,2023-05-01,20,16,2024-08-01
S-a4f26d,A-32728c,2023-05-21,null,Pro,20,980,11760,FALSE,FALSE,FALSE,FALSE,Monthly,Renews Automatically,2024-12-31,2023-05-01,20,17,2024-09-01
S-a4f26d,A-32728c,2023-05-21,null,Pro,20,980,11760,FALSE,FALSE,FALSE,FALSE,Monthly,Renews Automatically,2024-12-31,2023-05-01,20,18,2024-10-01
S-a4f26d,A-32728c,2023-05-21,null,Pro,20,980,11760,FALSE,FALSE,FALSE,FALSE,Monthly,Renews Automatically,2024-12-31,2023-05-01,20,19,2024-11-01
S-a4f26d,A-32728c,2023-05-21,null,Pro,20,980,11760,FALSE,FALSE,FALSE,FALSE,Monthly,Renews Automatically,2024-12-31,2023-05-01,20,20,2024-12-01
S-0cb6ed,A-ac85cd,2024-11-09,2024-12-18,Pro,53,2597,31164,FALSE,FALSE,FALSE,TRUE,Annual,Renews Automatically,2024-12-18,2024-11-01,2,1,2024-11-01
S-0cb6ed,A-ac85cd,2024-11-09,2024-12-18,Pro,53,2597,31164,FALSE,FALSE,FALSE,TRUE,Annual,Renews Automatically,2024-12-18,2024-11-01,2,2,2024-12-01
S-367dee,A-e19ff6,2024-06-29,null,Pro,1,49,588,FALSE,FALSE,FALSE,FALSE,Annual,Renews Automatically,2024-12-31,2024-06-01,7,1,2024-06-01
S-367dee,A-e19ff6,2024-06-29,null,Pro,1,49,588,FALSE,FALSE,FALSE,FALSE,Annual,Renews Automatically,2024-12-31,2024-06-01,7,2,2024-07-01
S-367dee,A-e19ff6,2024-06-29,null,Pro,1,49,588,FALSE,FALSE,FALSE,FALSE,Annual,Renews Automatically,2024-12-31,2024-06-01,7,3,2024-08-01
S-367dee,A-e19ff6,2024-06-29,null,Pro,1,49,588,FALSE,FALSE,FALSE,FALSE,Annual,Renews Automatically,2024-12-31,2024-06-01,7,4,2024-09-01
S-367dee,A-e19ff6,2024-06-29,null,Pro,1,49,588,FALSE,FALSE,FALSE,FALSE,Annual,Renews Automatically,2024-12-31,2024-06-01,7,5,2024-10-01
S-367dee,A-e19ff6,2024-06-29,null,Pro,1,49,588,FALSE,FALSE,FALSE,FALSE,Annual,Renews Automatically,2024-12-31,2024-06-01,7,6,2024-11-01
S-367dee,A-e19ff6,2024-06-29,null,Pro,1,49,588,FALSE,FALSE,FALSE,FALSE,Annual,Renews Automatically,2024-12-31,2024-06-01,7,7,2024-12-01
S-3b9ad8,A-6e08f3,2024-12-24,null,Enterprise,28,5572,66864,FALSE,FALSE,FALSE,FALSE,Monthly,Manual Renewal,2024-12-31,2024-12-01,1,1,2024-12-01
S-c9f8c1,A-544d0a,2024-07-23,null,Enterprise,5,995,11940,FALSE,FALSE,TRUE,FALSE,Monthly,Renews Automatically,2024-12-31,2024-07-01,6,1,2024-07-01
S-c9f8c1,A-544d0a,2024-07-23,null,Enterprise,5,995,11940,FALSE,FALSE,TRUE,FALSE,Monthly,Renews Automatically,2024-12-31,2024-07-01,6,2,2024-08-01
S-c9f8c1,A-544d0a,2024-07-23,null,Enterprise,5,995,11940,FALSE,FALSE,TRUE,FALSE,Monthly,Renews Automatically,2024-12-31,2024-07-01,6,3,2024-09-01
S-c9f8c1,A-544d0a,2024-07-23,null,Enterprise,5,995,11940,FALSE,FALSE,TRUE,FALSE,Monthly,Renews Automatically,2024-12-31,2024-07-01,6,4,2024-10-01
S-c9f8c1,A-544d0a,2024-07-23,null,Enterprise,5,995,11940,FALSE,FALSE,TRUE,FALSE,Monthly,Renews Automatically,2024-12-31,2024-07-01,6,5,2024-11-01
S-c9f8c1,A-544d0a,2024-07-23,null,Enterprise,5,995,11940,FALSE,FALSE,TRUE,FALSE,Monthly,Renews Automatically,2024-12-31,2024-07-01,6,6,2024-12-01
S-57cd05,A-8b0451,2024-10-26,null,Basic,41,779,9348,FALSE,FALSE,FALSE,FALSE,Annual,Renews Automatically,2024-12-31,2024-10-01,3,1,2024-10-01
S-57cd05,A-8b0451,2024-10-26,null,Basic,41,779,9348,FALSE,FALSE,FALSE,FALSE,Annual,Renews Automatically,2024-12-31,2024-10-01,3,2,2024-11-01
S-57cd05,A-8b0451,2024-10-26,null,Basic,41,779,9348,FALSE,FALSE,FALSE,FALSE,Annual,Renews Automatically,2024-12-31,2024-10-01,3,3,2024-12-01
S-e505c1,A-8ae3fc,2024-09-17,null,Pro,34,1666,19992,FALSE,FALSE,FALSE,FALSE,Annual,Renews Automatically,2024-12-31,2024-09-01,4,1,2024-09-01
S-e505c1,A-8ae3fc,2024-09-17,null,Pro,34,1666,19992,FALSE,FALSE,FALSE,FALSE,Annual,Renews Automatically,2024-12-31,2024-09-01,4,2,2024-10-01
S-e505c1,A-8ae3fc,2024-09-17,null,Pro,34,1666,19992,FALSE,FALSE,FALSE,FALSE,Annual,Renews Automatically,2024-12-31,2024-09-01,4,3,2024-11-01
S-e505c1,A-8ae3fc,2024-09-17,null,Pro,34,1666,19992,FALSE,FALSE,FALSE,FALSE,Annual,Renews Automatically,2024-12-31,2024-09-01,4,4,2024-12-01
S-121b4d,A-8ae3fc,2024-11-22,null,Basic,9,171,2052,FALSE,FALSE,FALSE,FALSE,Annual,Renews Automatically,2024-12-31,2024-11-01,2,1,2024-11-01
S-121b4d,A-8ae3fc,2024-11-22,null,Basic,9,171,2052,FALSE,FALSE,FALSE,FALSE,Annual,Renews Automatically,2024-12-31,2024-11-01,2,2,2024-12-01
S-72b4f2,A-4437e4,2024-02-06,null,Pro,49,2401,28812,FALSE,FALSE,FALSE,FALSE,Annual,Renews Automatically,2024-12-31,2024-02-01,11,1,2024-02-01
S-72b4f2,A-4437e4,2024-02-06,null,Pro,49,2401,28812,FALSE,FALSE,FALSE,FALSE,Annual,Renews Automatically,2024-12-31,2024-02-01,11,2,2024-03-01
S-72b4f2,A-4437e4,2024-02-06,null,Pro,49,2401,28812,FALSE,FALSE,FALSE,FALSE,Annual,Renews Automatically,2024-12-31,2024-02-01,11,3,2024-04-01
S-72b4f2,A-4437e4,2024-02-06,null,Pro,49,2401,28812,FALSE,FALSE,FALSE,FALSE,Annual,Renews Automatically,2024-12-31,2024-02-01,11,4,2024-05-01
S-72b4f2,A-4437e4,2024-02-06,null,Pro,49,2401,28812,FALSE,FALSE,FALSE,FALSE,Annual,Renews Automatically,2024-12-31,2024-02-01,11,5,2024-06-01
S-72b4f2,A-4437e4,2024-02-06,null,Pro,49,2401,28812,FALSE,FALSE,FALSE,FALSE,Annual,Renews Automatically,2024-12-31,2024-02-01,11,6,2024-07-01
S-72b4f2,A-4437e4,2024-02-06,null,Pro,49,2401,28812,FALSE,FALSE,FALSE,FALSE,Annual,Renews Automatically,2024-12-31,2024-02-01,11,7,2024-08-01
S-72b4f2,A-4437e4,2024-02-06,null,Pro,49,2401,28812,FALSE,FALSE,FALSE,FALSE,Annual,Renews Automatically,2024-12-31,2024-02-01,11,8,2024-09-01
S-72b4f2,A-4437e4,2024-02-06,null,Pro,49,2401,28812,FALSE,FALSE,FALSE,FALSE,Annual,Renews Automatically,2024-12-31,2024-02-01,11,9,2024-10-01
S-72b4f2,A-4437e4,2024-02-06,null,Pro,49,2401,28812,FALSE,FALSE,FALSE,FALSE,Annual,Renews Automatically,2024-12-31,2024-02-01,11,10,2024-11-01
S-72b4f2,A-4437e4,2024-02-06,null,Pro,49,2401,28812,FALSE,FALSE,FALSE,FALSE,Annual,Renews Automatically,2024-12-31,2024-02-01,11,11,2024-12-01
S-c9b0cc,A-4d1e75,2024-10-11,null,Enterprise,38,7562,90744,FALSE,FALSE,FALSE,FALSE,Monthly,Renews Automatically,2024-12-31,2024-10-01,3,1,2024-10-01
S-c9b0cc,A-4d1e75,2024-10-11,null,Enterprise,38,7562,90744,FALSE,FALSE,FALSE,FALSE,Monthly,Renews Automatically,2024-12-31,2024-10-01,3,2,2024-11-01
S-c9b0cc,A-4d1e75,2024-10-11,null,Enterprise,38,7562,90744,FALSE,FALSE,FALSE,FALSE,Monthly,Renews Automatically,2024-12-31,2024-10-01,3,3,2024-12-01
S-27c993,A-098560,2024-11-17,null,Enterprise,4,796,9552,FALSE,FALSE,FALSE,FALSE,Monthly,Renews Automatically,2024-12-31,2024-11-01,2,1,2024-11-01
S-27c993,A-098560,2024-11-17,null,Enterprise,4,796,9552,FALSE,FALSE,FALSE,FALSE,Monthly,Renews Automatically,2024-12-31,2024-11-01,2,2,2024-12-01
S-8b9889,A-ac9111,2024-08-18,null,Pro,21,1029,12348,FALSE,FALSE,FALSE,FALSE,Monthly,Renews Automatically,2024-12-31,2024-08-01,5,1,2024-08-01
S-8b9889,A-ac9111,2024-08-18,null,Pro,21,1029,12348,FALSE,FALSE,FALSE,FALSE,Monthly,Renews Automatically,2024-12-31,2024-08-01,5,2,2024-09-01
S-8b9889,A-ac9111,2024-08-18,null,Pro,21,1029,12348,FALSE,FALSE,FALSE,FALSE,Monthly,Renews Automatically,2024-12-31,2024-08-01,5,3,2024-10-01
S-8b9889,A-ac9111,2024-08-18,null,Pro,21,1029,12348,FALSE,FALSE,FALSE,FALSE,Monthly,Renews Automatically,2024-12-31,2024-08-01,5,4,2024-11-01
S-8b9889,A-ac9111,2024-08-18,null,Pro,21,1029,12348,FALSE,FALSE,FALSE,FALSE,Monthly,Renews Automatically,2024-12-31,2024-08-01,5,5,2024-12-01
S-2214c6,A-3c1a3f,2024-10-07,null,Pro,82,4018,48216,FALSE,FALSE,FALSE,FALSE,Monthly,Renews Automatically,2024-12-31,2024-10-01,3,1,2024-10-01
S-2214c6,A-3c1a3f,2024-10-07,null,Pro,82,4018,48216,FALSE,FALSE,FALSE,FALSE,Monthly,Renews Automatically,2024-12-31,2024-10-01,3,2,2024-11-01
S-2214c6,A-3c1a3f,2024-10-07,null,Pro,82,4018,48216,FALSE,FALSE,FALSE,FALSE,Monthly,Renews Automatically,2024-12-31,2024-10-01,3,3,2024-12-01
S-066d80,A-9b9fe9,2024-08-17,null,Pro,5,245,2940,FALSE,FALSE,FALSE,FALSE,Monthly,Renews Automatically,2024-12-31,2024-08-01,5,1,2024-08-01
S-066d80,A-9b9fe9,2024-08-17,null,Pro,5,245,2940,FALSE,FALSE,FALSE,FALSE,Monthly,Renews Automatically,2024-12-31,2024-08-01,5,2,2024-09-01
S-066d80,A-9b9fe9,2024-08-17,null,Pro,5,245,2940,FALSE,FALSE,FALSE,FALSE,Monthly,Renews Automatically,2024-12-31,2024-08-01,5,3,2024-10-01
S-066d80,A-9b9fe9,2024-08-17,null,Pro,5,245,2940,FALSE,FALSE,FALSE,FALSE,Monthly,Renews Automatically,2024-12-31,2024-08-01,5,4,2024-11-01
S-066d80,A-9b9fe9,2024-08-17,null,Pro,5,245,2940,FALSE,FALSE,FALSE,FALSE,Monthly,Renews Automatically,2024-12-31,2024-08-01,5,5,2024-12-01
S-228457,A-029f69,2024-05-24,null,Enterprise,24,4776,57312,FALSE,FALSE,FALSE,FALSE,Annual,Renews Automatically,2024-12-31,2024-05-01,8,1,2024-05-01
S-228457,A-029f69,2024-05-24,null,Enterprise,24,4776,57312,FALSE,FALSE,FALSE,FALSE,Annual,Renews Automatically,2024-12-31,2024-05-01,8,2,2024-06-01
S-228457,A-029f69,2024-05-24,null,Enterprise,24,4776,57312,FALSE,FALSE,FALSE,FALSE,Annual,Renews Automatically,2024-12-31,2024-05-01,8,3,2024-07-01
S-228457,A-029f69,2024-05-24,null,Enterprise,24,4776,57312,FALSE,FALSE,FALSE,FALSE,Annual,Renews Automatically,2024-12-31,2024-05-01,8,4,2024-08-01
S-228457,A-029f69,2024-05-24,null,Enterprise,24,4776,57312,FALSE,FALSE,FALSE,FALSE,Annual,Renews Automatically,2024-12-31,2024-05-01,8,5,2024-09-01
S-228457,A-029f69,2024-05-24,null,Enterprise,24,4776,57312,FALSE,FALSE,FALSE,FALSE,Annual,Renews Automatically,2024-12-31,2024-05-01,8,6,2024-10-01
S-228457,A-029f69,2024-05-24,null,Enterprise,24,4776,57312,FALSE,FALSE,FALSE,FALSE,Annual,Renews Automatically,2024-12-31,2024-05-01,8,7,2024-11-01
S-228457,A-029f69,2024-05-24,null,Enterprise,24,4776,57312,FALSE,FALSE,FALSE,FALSE,Annual,Renews Automatically,2024-12-31,2024-05-01,8,8,2024-12-01
S-e50612,A-c7e58b,2024-07-15,null,Basic,13,247,2964,FALSE,FALSE,FALSE,FALSE,Annual,Manual Renewal,2024-12-31,2024-07-01,6,1,2024-07-01
S-e50612,A-c7e58b,2024-07-15,null,Basic,13,247,2964,FALSE,FALSE,FALSE,FALSE,Annual,Manual Renewal,2024-12-31,2024-07-01,6,2,2024-08-01
S-e50612,A-c7e58b,2024-07-15,null,Basic,13,247,2964,FALSE,FALSE,FALSE,FALSE,Annual,Manual Renewal,2024-12-31,2024-07-01,6,3,2024-09-01
S-e50612,A-c7e58b,2024-07-15,null,Basic,13,247,2964,FALSE,FALSE,FALSE,FALSE,Annual,Manual Renewal,2024-12-31,2024-07-01,6,4,2024-10-01
S-e50612,A-c7e58b,2024-07-15,null,Basic,13,247,2964,FALSE,FALSE,FALSE,FALSE,Annual,Manual Renewal,2024-12-31,2024-07-01,6,5,2024-11-01
S-e50612,A-c7e58b,2024-07-15,null,Basic,13,247,2964,FALSE,FALSE,FALSE,FALSE,Annual,Manual Renewal,2024-12-31,2024-07-01,6,6,2024-12-01
S-64fba3,A-00bed1,2024-07-16,null,Enterprise,28,5572,66864,FALSE,FALSE,FALSE,FALSE,Annual,Renews Automatically,2024-12-31,2024-07-01,6,1,2024-07-01
S-64fba3,A-00bed1,2024-07-16,null,Enterprise,28,5572,66864,FALSE,FALSE,FALSE,FALSE,Annual,Renews Automatically,2024-12-31,2024-07-01,6,2,2024-08-01
S-64fba3,A-00bed1,2024-07-16,null,Enterprise,28,5572,66864,FALSE,FALSE,FALSE,FALSE,Annual,Renews Automatically,2024-12-31,2024-07-01,6,3,2024-09-01
S-64fba3,A-00bed1,2024-07-16,null,Enterprise,28,5572,66864,FALSE,FALSE,FALSE,FALSE,Annual,Renews Automatically,2024-12-31,2024-07-01,6,4,2024-10-01
S-64fba3,A-00bed1,2024-07-16,null,Enterprise,28,5572,66864,FALSE,FALSE,FALSE,FALSE,Annual,Renews Automatically,2024-12-31,2024-07-01,6,5,2024-11-01
S-64fba3,A-00bed1,2024-07-16,null,Enterprise,28,5572,66864,FALSE,FALSE,FALSE,FALSE,Annual,Renews Automatically,2024-12-31,2024-07-01,6,6,2024-12-01
S-2372d2,A-cea1f0,2024-12-22,null,Enterprise,21,4179,50148,FALSE,FALSE,FALSE,FALSE,Annual,Manual Renewal,2024-12-31,2024-12-01,1,1,2024-12-01
S-427275,A-4c38bc,2024-07-14,null,Enterprise,36,7164,85968,FALSE,FALSE,FALSE,FALSE,Annual,Renews Automatically,2024-12-31,2024-07-01,6,1,2024-07-01
S-427275,A-4c38bc,2024-07-14,null,Enterprise,36,7164,85968,FALSE,FALSE,FALSE,FALSE,Annual,Renews Automatically,2024-12-31,2024-07-01,6,2,2024-08-01
S-427275,A-4c38bc,2024-07-14,null,Enterprise,36,7164,85968,FALSE,FALSE,FALSE,FALSE,Annual,Renews Automatically,2024-12-31,2024-07-01,6,3,2024-09-01
S-427275,A-4c38bc,2024-07-14,null,Enterprise,36,7164,85968,FALSE,FALSE,FALSE,FALSE,Annual,Renews Automatically,2024-12-31,2024-07-01,6,4,2024-10-01
S-427275,A-4c38bc,2024-07-14,null,Enterprise,36,7164,85968,FALSE,FALSE,FALSE,FALSE,Annual,Renews Automatically,2024-12-31,2024-07-01,6,5,2024-11-01
S-427275,A-4c38bc,2024-07-14,null,Enterprise,36,7164,85968,FALSE,FALSE,FALSE,FALSE,Annual,Renews Automatically,2024-12-31,2024-07-01,6,6,2024-12-01
S-628729,A-157070,2024-10-05,null,Enterprise,23,4577,54924,FALSE,FALSE,TRUE,FALSE,Monthly,Renews Automatically,2024-12-31,2024-10-01,3,1,2024-10-01
S-628729,A-157070,2024-10-05,null,Enterprise,23,4577,54924,FALSE,FALSE,TRUE,FALSE,Monthly,Renews Automatically,2024-12-31,2024-10-01,3,2,2024-11-01
S-628729,A-157070,2024-10-05,null,Enterprise,23,4577,54924,FALSE,FALSE,TRUE,FALSE,Monthly,Renews Automatically,2024-12-31,2024-10-01,3,3,2024-12-01
S-e260ff,A-bcf87c,2024-12-09,null,Enterprise,21,4179,50148,FALSE,FALSE,FALSE,FALSE,Annual,Renews Automatically,2024-12-31,2024-12-01,1,1,2024-12-01
S-89c03a,A-8ae3fc,2024-09-20,null,Pro,9,441,5292,FALSE,FALSE,FALSE,FALSE,Monthly,Renews Automatically,2024-12-31,2024-09-01,4,1,2024-09-01
S-89c03a,A-8ae3fc,2024-09-20,null,Pro,9,441,5292,FALSE,FALSE,FALSE,FALSE,Monthly,Renews Automatically,2024-12-31,2024-09-01,4,2,2024-10-01
S-89c03a,A-8ae3fc,2024-09-20,null,Pro,9,441,5292,FALSE,FALSE,FALSE,FALSE,Monthly,Renews Automatically,2024-12-31,2024-09-01,4,3,2024-11-01
S-89c03a,A-8ae3fc,2024-09-20,null,Pro,9,441,5292,FALSE,FALSE,FALSE,FALSE,Monthly,Renews Automatically,2024-12-31,2024-09-01,4,4,2024-12-01
S-86455a,A-1b9609,2023-12-01,null,Pro,12,588,7056,FALSE,FALSE,FALSE,FALSE,Monthly,Renews Automatically,2024-12-31,2023-12-01,13,1,2023-12-01
S-86455a,A-1b9609,2023-12-01,null,Pro,12,588,7056,FALSE,FALSE,FALSE,FALSE,Monthly,Renews Automatically,2024-12-31,2023-12-01,13,2,2024-01-01
S-86455a,A-1b9609,2023-12-01,null,Pro,12,588,7056,FALSE,FALSE,FALSE,FALSE,Monthly,Renews Automatically,2024-12-31,2023-12-01,13,3,2024-02-01
S-86455a,A-1b9609,2023-12-01,null,Pro,12,588,7056,FALSE,FALSE,FALSE,FALSE,Monthly,Renews Automatically,2024-12-31,2023-12-01,13,4,2024-03-01
S-86455a,A-1b9609,2023-12-01,null,Pro,12,588,7056,FALSE,FALSE,FALSE,FALSE,Monthly,Renews Automatically,2024-12-31,2023-12-01,13,5,2024-04-01
S-86455a,A-1b9609,2023-12-01,null,Pro,12,588,7056,FALSE,FALSE,FALSE,FALSE,Monthly,Renews Automatically,2024-12-31,2023-12-01,13,6,2024-05-01
S-86455a,A-1b9609,2023-12-01,null,Pro,12,588,7056,FALSE,FALSE,FALSE,FALSE,Monthly,Renews Automatically,2024-12-31,2023-12-01,13,7,2024-06-01
S-86455a,A-1b9609,2023-12-01,null,Pro,12,588,7056,FALSE,FALSE,FALSE,FALSE,Monthly,Renews Automatically,2024-12-31,2023-12-01,13,8,2024-07-01
S-86455a,A-1b9609,2023-12-01,null,Pro,12,588,7056,FALSE,FALSE,FALSE,FALSE,Monthly,Renews Automatically,2024-12-31,2023-12-01,13,9,2024-08-01
S-86455a,A-1b9609,2023-12-01,null,Pro,12,588,7056,FALSE,FALSE,FALSE,FALSE,Monthly,Renews Automatically,2024-12-31,2023-12-01,13,10,2024-09-01
S-86455a,A-1b9609,2023-12-01,null,Pro,12,588,7056,FALSE,FALSE,FALSE,FALSE,Monthly,Renews Automatically,2024-12-31,2023-12-01,13,11,2024-10-01
S-86455a,A-1b9609,2023-12-01,null,Pro,12,588,7056,FALSE,FALSE,FALSE,FALSE,Monthly,Renews Automatically,2024-12-31,2023-12-01,13,12,2024-11-01
S-86455a,A-1b9609,2023-12-01,null,Pro,12,588,7056,FALSE,FALSE,FALSE,FALSE,Monthly,Renews Automatically,2024-12-31,2023-12-01,13,13,2024-12-01
S-6bf7d7,A-9bfc9f,2024-03-23,null,Pro,53,2597,31164,FALSE,FALSE,TRUE,FALSE,Annual,Manual Renewal,2024-12-31,2024-03-01,10,1,2024-03-01
S-6bf7d7,A-9bfc9f,2024-03-23,null,Pro,53,2597,31164,FALSE,FALSE,TRUE,FALSE,Annual,Manual Renewal,2024-12-31,2024-03-01,10,2,2024-04-01
S-6bf7d7,A-9bfc9f,2024-03-23,null,Pro,53,2597,31164,FALSE,FALSE,TRUE,FALSE,Annual,Manual Renewal,2024-12-31,2024-03-01,10,3,2024-05-01
S-6bf7d7,A-9bfc9f,2024-03-23,null,Pro,53,2597,31164,FALSE,FALSE,TRUE,FALSE,Annual,Manual Renewal,2024-12-31,2024-03-01,10,4,2024-06-01
S-6bf7d7,A-9bfc9f,2024-03-23,null,Pro,53,2597,31164,FALSE,FALSE,TRUE,FALSE,Annual,Manual Renewal,2024-12-31,2024-03-01,10,5,2024-07-01
S-6bf7d7,A-9bfc9f,2024-03-23,null,Pro,53,2597,31164,FALSE,FALSE,TRUE,FALSE,Annual,Manual Renewal,2024-12-31,2024-03-01,10,6,2024-08-01
S-6bf7d7,A-9bfc9f,2024-03-23,null,Pro,53,2597,31164,FALSE,FALSE,TRUE,FALSE,Annual,Manual Renewal,2024-12-31,2024-03-01,10,7,2024-09-01
S-6bf7d7,A-9bfc9f,2024-03-23,null,Pro,53,2597,31164,FALSE,FALSE,TRUE,FALSE,Annual,Manual Renewal,2024-12-31,2024-03-01,10,8,2024-10-01
S-6bf7d7,A-9bfc9f,2024-03-23,null,Pro,53,2597,31164,FALSE,FALSE,TRUE,FALSE,Annual,Manual Renewal,2024-12-31,2024-03-01,10,9,2024-11-01
S-6bf7d7,A-9bfc9f,2024-03-23,null,Pro,53,2597,31164,FALSE,FALSE,TRUE,FALSE,Annual,Manual Renewal,2024-12-31,2024-03-01,10,10,2024-12-01
S-feccd8,A-812c5b,2024-12-22,null,Enterprise,55,10945,131340,FALSE,FALSE,FALSE,FALSE,Monthly,Renews Automatically,2024-12-31,2024-12-01,1,1,2024-12-01
S-0e4b0c,A-39b19f,2023-02-28,2023-06-15,Pro,24,1176,14112,FALSE,FALSE,TRUE,TRUE,Annual,Renews Automatically,2023-06-15,2023-02-01,4,1,2023-02-01
S-0e4b0c,A-39b19f,2023-02-28,2023-06-15,Pro,24,1176,14112,FALSE,FALSE,TRUE,TRUE,Annual,Renews Automatically,2023-06-15,2023-02-01,4,2,2023-03-01
S-0e4b0c,A-39b19f,2023-02-28,2023-06-15,Pro,24,1176,14112,FALSE,FALSE,TRUE,TRUE,Annual,Renews Automatically,2023-06-15,2023-02-01,4,3,2023-04-01
S-0e4b0c,A-39b19f,2023-02-28,2023-06-15,Pro,24,1176,14112,FALSE,FALSE,TRUE,TRUE,Annual,Renews Automatically,2023-06-15,2023-02-01,4,4,2023-05-01
S-0e0578,A-de58ca,2023-07-09,null,Basic,15,285,3420,FALSE,FALSE,FALSE,FALSE,Monthly,Renews Automatically,2024-12-31,2023-07-01,18,1,2023-07-01
S-0e0578,A-de58ca,2023-07-09,null,Basic,15,285,3420,FALSE,FALSE,FALSE,FALSE,Monthly,Renews Automatically,2024-12-31,2023-07-01,18,2,2023-08-01
S-0e0578,A-de58ca,2023-07-09,null,Basic,15,285,3420,FALSE,FALSE,FALSE,FALSE,Monthly,Renews Automatically,2024-12-31,2023-07-01,18,3,2023-09-01
S-0e0578,A-de58ca,2023-07-09,null,Basic,15,285,3420,FALSE,FALSE,FALSE,FALSE,Monthly,Renews Automatically,2024-12-31,2023-07-01,18,4,2023-10-01
S-0e0578,A-de58ca,2023-07-09,null,Basic,15,285,3420,FALSE,FALSE,FALSE,FALSE,Monthly,Renews Automatically,2024-12-31,2023-07-01,18,5,2023-11-01
S-0e0578,A-de58ca,2023-07-09,null,Basic,15,285,3420,FALSE,FALSE,FALSE,FALSE,Monthly,Renews Automatically,2024-12-31,2023-07-01,18,6,2023-12-01
S-0e0578,A-de58ca,2023-07-09,null,Basic,15,285,3420,FALSE,FALSE,FALSE,FALSE,Monthly,Renews Automatically,2024-12-31,2023-07-01,18,7,2024-01-01
S-0e0578,A-de58ca,2023-07-09,null,Basic,15,285,3420,FALSE,FALSE,FALSE,FALSE,Monthly,Renews Automatically,2024-12-31,2023-07-01,18,8,2024-02-01
S-0e0578,A-de58ca,2023-07-09,null,Basic,15,285,3420,FALSE,FALSE,FALSE,FALSE,Monthly,Renews Automatically,2024-12-31,2023-07-01,18,9,2024-03-01
S-0e0578,A-de58ca,2023-07-09,null,Basic,15,285,3420,FALSE,FALSE,FALSE,FALSE,Monthly,Renews Automatically,2024-12-31,2023-07-01,18,10,2024-04-01
S-0e0578,A-de58ca,2023-07-09,null,Basic,15,285,3420,FALSE,FALSE,FALSE,FALSE,Monthly,Renews Automatically,2024-12-31,2023-07-01,18,11,2024-05-01
S-0e0578,A-de58ca,2023-07-09,null,Basic,15,285,3420,FALSE,FALSE,FALSE,FALSE,Monthly,Renews Automatically,2024-12-31,2023-07-01,18,12,2024-06-01
S-0e0578,A-de58ca,2023-07-09,null,Basic,15,285,3420,FALSE,FALSE,FALSE,FALSE,Monthly,Renews Automatically,2024-12-31,2023-07-01,18,13,2024-07-01
S-0e0578,A-de58ca,2023-07-09,null,Basic,15,285,3420,FALSE,FALSE,FALSE,FALSE,Monthly,Renews Automatically,2024-12-31,2023-07-01,18,14,2024-08-01
S-0e0578,A-de58ca,2023-07-09,null,Basic,15,285,3420,FALSE,FALSE,FALSE,FALSE,Monthly,Renews Automatically,2024-12-31,2023-07-01,18,15,2024-09-01
S-0e0578,A-de58ca,2023-07-09,null,Basic,15,285,3420,FALSE,FALSE,FALSE,FALSE,Monthly,Renews Automatically,2024-12-31,2023-07-01,18,16,2024-10-01
S-0e0578,A-de58ca,2023-07-09,null,Basic,15,285,3420,FALSE,FALSE,FALSE,FALSE,Monthly,Renews Automatically,2024-12-31,2023-07-01,18,17,2024-11-01
S-0e0578,A-de58ca,2023-07-09,null,Basic,15,285,3420,FALSE,FALSE,FALSE,FALSE,Monthly,Renews Automatically,2024-12-31,2023-07-01,18,18,2024-12-01
S-74538d,A-e60f9d,2024-11-13,null,Pro,46,2254,27048,FALSE,FALSE,FALSE,FALSE,Annual,Renews Automatically,2024-12-31,2024-11-01,2,1,2024-11-01
S-74538d,A-e60f9d,2024-11-13,null,Pro,46,2254,27048,FALSE,FALSE,FALSE,FALSE,Annual,Renews Automatically,2024-12-31,2024-11-01,2,2,2024-12-01
S-c2a6cb,A-9affe6,2023-10-19,null,Enterprise,7,1393,16716,FALSE,TRUE,FALSE,FALSE,Annual,Manual Renewal,2024-12-31,2023-10-01,15,1,2023-10-01
S-c2a6cb,A-9affe6,2023-10-19,null,Enterprise,7,1393,16716,FALSE,TRUE,FALSE,FALSE,Annual,Manual Renewal,2024-12-31,2023-10-01,15,2,2023-11-01
S-c2a6cb,A-9affe6,2023-10-19,null,Enterprise,7,1393,16716,FALSE,TRUE,FALSE,FALSE,Annual,Manual Renewal,2024-12-31,2023-10-01,15,3,2023-12-01
S-c2a6cb,A-9affe6,2023-10-19,null,Enterprise,7,1393,16716,FALSE,TRUE,FALSE,FALSE,Annual,Manual Renewal,2024-12-31,2023-10-01,15,4,2024-01-01
S-c2a6cb,A-9affe6,2023-10-19,null,Enterprise,7,1393,16716,FALSE,TRUE,FALSE,FALSE,Annual,Manual Renewal,2024-12-31,2023-10-01,15,5,2024-02-01
S-c2a6cb,A-9affe6,2023-10-19,null,Enterprise,7,1393,16716,FALSE,TRUE,FALSE,FALSE,Annual,Manual Renewal,2024-12-31,2023-10-01,15,6,2024-03-01
S-c2a6cb,A-9affe6,2023-10-19,null,Enterprise,7,1393,16716,FALSE,TRUE,FALSE,FALSE,Annual,Manual Renewal,2024-12-31,2023-10-01,15,7,2024-04-01
S-c2a6cb,A-9affe6,2023-10-19,null,Enterprise,7,1393,16716,FALSE,TRUE,FALSE,FALSE,Annual,Manual Renewal,2024-12-31,2023-10-01,15,8,2024-05-01
S-c2a6cb,A-9affe6,2023-10-19,null,Enterprise,7,1393,16716,FALSE,TRUE,FALSE,FALSE,Annual,Manual Renewal,2024-12-31,2023-10-01,15,9,2024-06-01
S-c2a6cb,A-9affe6,2023-10-19,null,Enterprise,7,1393,16716,FALSE,TRUE,FALSE,FALSE,Annual,Manual Renewal,2024-12-31,2023-10-01,15,10,2024-07-01
S-c2a6cb,A-9affe6,2023-10-19,null,Enterprise,7,1393,16716,FALSE,TRUE,FALSE,FALSE,Annual,Manual Renewal,2024-12-31,2023-10-01,15,11,2024-08-01
S-c2a6cb,A-9affe6,2023-10-19,null,Enterprise,7,1393,16716,FALSE,TRUE,FALSE,FALSE,Annual,Manual Renewal,2024-12-31,2023-10-01,15,12,2024-09-01
S-c2a6cb,A-9affe6,2023-10-19,null,Enterprise,7,1393,16716,FALSE,TRUE,FALSE,FALSE,Annual,Manual Renewal,2024-12-31,2023-10-01,15,13,2024-10-01
S-c2a6cb,A-9affe6,2023-10-19,null,Enterprise,7,1393,16716,FALSE,TRUE,FALSE,FALSE,Annual,Manual Renewal,2024-12-31,2023-10-01,15,14,2024-11-01
S-c2a6cb,A-9affe6,2023-10-19,null,Enterprise,7,1393,16716,FALSE,TRUE,FALSE,FALSE,Annual,Manual Renewal,2024-12-31,2023-10-01,15,15,2024-12-01
S-1bd2ec,A-e60f9d,2024-12-25,2024-12-28,Basic,38,722,8664,FALSE,FALSE,FALSE,TRUE,Annual,Renews Automatically,2024-12-28,2024-12-01,1,1,2024-12-01
S-3cc352,A-d27f50,2024-08-06,null,Pro,44,2156,25872,FALSE,FALSE,FALSE,FALSE,Monthly,Renews Automatically,2024-12-31,2024-08-01,5,1,2024-08-01
S-3cc352,A-d27f50,2024-08-06,null,Pro,44,2156,25872,FALSE,FALSE,FALSE,FALSE,Monthly,Renews Automatically,2024-12-31,2024-08-01,5,2,2024-09-01
S-3cc352,A-d27f50,2024-08-06,null,Pro,44,2156,25872,FALSE,FALSE,FALSE,FALSE,Monthly,Renews Automatically,2024-12-31,2024-08-01,5,3,2024-10-01
S-3cc352,A-d27f50,2024-08-06,null,Pro,44,2156,25872,FALSE,FALSE,FALSE,FALSE,Monthly,Renews Automatically,2024-12-31,2024-08-01,5,4,2024-11-01
S-3cc352,A-d27f50,2024-08-06,null,Pro,44,2156,25872,FALSE,FALSE,FALSE,FALSE,Monthly,Renews Automatically,2024-12-31,2024-08-01,5,5,2024-12-01
S-124207,A-fdfc91,2023-08-31,null,Basic,29,551,6612,FALSE,FALSE,FALSE,FALSE,Annual,Renews Automatically,2024-12-31,2023-08-01,17,1,2023-08-01
S-124207,A-fdfc91,2023-08-31,null,Basic,29,551,6612,FALSE,FALSE,FALSE,FALSE,Annual,Renews Automatically,2024-12-31,2023-08-01,17,2,2023-09-01
S-124207,A-fdfc91,2023-08-31,null,Basic,29,551,6612,FALSE,FALSE,FALSE,FALSE,Annual,Renews Automatically,2024-12-31,2023-08-01,17,3,2023-10-01
S-124207,A-fdfc91,2023-08-31,null,Basic,29,551,6612,FALSE,FALSE,FALSE,FALSE,Annual,Renews Automatically,2024-12-31,2023-08-01,17,4,2023-11-01
S-124207,A-fdfc91,2023-08-31,null,Basic,29,551,6612,FALSE,FALSE,FALSE,FALSE,Annual,Renews Automatically,2024-12-31,2023-08-01,17,5,2023-12-01
S-124207,A-fdfc91,2023-08-31,null,Basic,29,551,6612,FALSE,FALSE,FALSE,FALSE,Annual,Renews Automatically,2024-12-31,2023-08-01,17,6,2024-01-01
S-124207,A-fdfc91,2023-08-31,null,Basic,29,551,6612,FALSE,FALSE,FALSE,FALSE,Annual,Renews Automatically,2024-12-31,2023-08-01,17,7,2024-02-01
S-124207,A-fdfc91,2023-08-31,null,Basic,29,551,6612,FALSE,FALSE,FALSE,FALSE,Annual,Renews Automatically,2024-12-31,2023-08-01,17,8,2024-03-01
S-124207,A-fdfc91,2023-08-31,null,Basic,29,551,6612,FALSE,FALSE,FALSE,FALSE,Annual,Renews Automatically,2024-12-31,2023-08-01,17,9,2024-04-01
S-124207,A-fdfc91,2023-08-31,null,Basic,29,551,6612,FALSE,FALSE,FALSE,FALSE,Annual,Renews Automatically,2024-12-31,2023-08-01,17,10,2024-05-01
S-124207,A-fdfc91,2023-08-31,null,Basic,29,551,6612,FALSE,FALSE,FALSE,FALSE,Annual,Renews Automatically,2024-12-31,2023-08-01,17,11,2024-06-01
S-124207,A-fdfc91,2023-08-31,null,Basic,29,551,6612,FALSE,FALSE,FALSE,FALSE,Annual,Renews Automatically,2024-12-31,2023-08-01,17,12,2024-07-01
S-124207,A-fdfc91,2023-08-31,null,Basic,29,551,6612,FALSE,FALSE,FALSE,FALSE,Annual,Renews Automatically,2024-12-31,2023-08-01,17,13,2024-08-01
S-124207,A-fdfc91,2023-08-31,null,Basic,29,551,6612,FALSE,FALSE,FALSE,FALSE,Annual,Renews Automatically,2024-12-31,2023-08-01,17,14,2024-09-01
S-124207,A-fdfc91,2023-08-31,null,Basic,29,551,6612,FALSE,FALSE,FALSE,FALSE,Annual,Renews Automatically,2024-12-31,2023-08-01,17,15,2024-10-01
S-124207,A-fdfc91,2023-08-31,null,Basic,29,551,6612,FALSE,FALSE,FALSE,FALSE,Annual,Renews Automatically,2024-12-31,2023-08-01,17,16,2024-11-01
S-124207,A-fdfc91,2023-08-31,null,Basic,29,551,6612,FALSE,FALSE,FALSE,FALSE,Annual,Renews Automatically,2024-12-31,2023-08-01,17,17,2024-12-01
S-76e7d9,A-712f1c,2024-02-09,null,Enterprise,44,8756,105072,FALSE,FALSE,FALSE,FALSE,Monthly,Renews Automatically,2024-12-31,2024-02-01,11,1,2024-02-01
S-76e7d9,A-712f1c,2024-02-09,null,Enterprise,44,8756,105072,FALSE,FALSE,FALSE,FALSE,Monthly,Renews Automatically,2024-12-31,2024-02-01,11,2,2024-03-01
S-76e7d9,A-712f1c,2024-02-09,null,Enterprise,44,8756,105072,FALSE,FALSE,FALSE,FALSE,Monthly,Renews Automatically,2024-12-31,2024-02-01,11,3,2024-04-01
S-76e7d9,A-712f1c,2024-02-09,null,Enterprise,44,8756,105072,FALSE,FALSE,FALSE,FALSE,Monthly,Renews Automatically,2024-12-31,2024-02-01,11,4,2024-05-01
S-76e7d9,A-712f1c,2024-02-09,null,Enterprise,44,8756,105072,FALSE,FALSE,FALSE,FALSE,Monthly,Renews Automatically,2024-12-31,2024-02-01,11,5,2024-06-01
S-76e7d9,A-712f1c,2024-02-09,null,Enterprise,44,8756,105072,FALSE,FALSE,FALSE,FALSE,Monthly,Renews Automatically,2024-12-31,2024-02-01,11,6,2024-07-01
S-76e7d9,A-712f1c,2024-02-09,null,Enterprise,44,8756,105072,FALSE,FALSE,FALSE,FALSE,Monthly,Renews Automatically,2024-12-31,2024-02-01,11,7,2024-08-01
S-76e7d9,A-712f1c,2024-02-09,null,Enterprise,44,8756,105072,FALSE,FALSE,FALSE,FALSE,Monthly,Renews Automatically,2024-12-31,2024-02-01,11,8,2024-09-01
S-76e7d9,A-712f1c,2024-02-09,null,Enterprise,44,8756,105072,FALSE,FALSE,FALSE,FALSE,Monthly,Renews Automatically,2024-12-31,2024-02-01,11,9,2024-10-01
S-76e7d9,A-712f1c,2024-02-09,null,Enterprise,44,8756,105072,FALSE,FALSE,FALSE,FALSE,Monthly,Renews Automatically,2024-12-31,2024-02-01,11,10,2024-11-01
S-76e7d9,A-712f1c,2024-02-09,null,Enterprise,44,8756,105072,FALSE,FALSE,FALSE,FALSE,Monthly,Renews Automatically,2024-12-31,2024-02-01,11,11,2024-12-01
S-44f453,A-19b2c8,2024-02-10,null,Enterprise,20,3980,47760,FALSE,FALSE,FALSE,FALSE,Monthly,Renews Automatically,2024-12-31,2024-02-01,11,1,2024-02-01
S-44f453,A-19b2c8,2024-02-10,null,Enterprise,20,3980,47760,FALSE,FALSE,FALSE,FALSE,Monthly,Renews Automatically,2024-12-31,2024-02-01,11,2,2024-03-01
S-44f453,A-19b2c8,2024-02-10,null,Enterprise,20,3980,47760,FALSE,FALSE,FALSE,FALSE,Monthly,Renews Automatically,2024-12-31,2024-02-01,11,3,2024-04-01
S-44f453,A-19b2c8,2024-02-10,null,Enterprise,20,3980,47760,FALSE,FALSE,FALSE,FALSE,Monthly,Renews Automatically,2024-12-31,2024-02-01,11,4,2024-05-01
S-44f453,A-19b2c8,2024-02-10,null,Enterprise,20,3980,47760,FALSE,FALSE,FALSE,FALSE,Monthly,Renews Automatically,2024-12-31,2024-02-01,11,5,2024-06-01
S-44f453,A-19b2c8,2024-02-10,null,Enterprise,20,3980,47760,FALSE,FALSE,FALSE,FALSE,Monthly,Renews Automatically,2024-12-31,2024-02-01,11,6,2024-07-01
S-44f453,A-19b2c8,2024-02-10,null,Enterprise,20,3980,47760,FALSE,FALSE,FALSE,FALSE,Monthly,Renews Automatically,2024-12-31,2024-02-01,11,7,2024-08-01
S-44f453,A-19b2c8,2024-02-10,null,Enterprise,20,3980,47760,FALSE,FALSE,FALSE,FALSE,Monthly,Renews Automatically,2024-12-31,2024-02-01,11,8,2024-09-01
S-44f453,A-19b2c8,2024-02-10,null,Enterprise,20,3980,47760,FALSE,FALSE,FALSE,FALSE,Monthly,Renews Automatically,2024-12-31,2024-02-01,11,9,2024-10-01
S-44f453,A-19b2c8,2024-02-10,null,Enterprise,20,3980,47760,FALSE,FALSE,FALSE,FALSE,Monthly,Renews Automatically,2024-12-31,2024-02-01,11,10,2024-11-01
S-44f453,A-19b2c8,2024-02-10,null,Enterprise,20,3980,47760,FALSE,FALSE,FALSE,FALSE,Monthly,Renews Automatically,2024-12-31,2024-02-01,11,11,2024-12-01
S-03a97f,A-f51f16,2024-03-15,null,Pro,60,2940,35280,FALSE,FALSE,FALSE,FALSE,Annual,Renews Automatically,2024-12-31,2024-03-01,10,1,2024-03-01
S-03a97f,A-f51f16,2024-03-15,null,Pro,60,2940,35280,FALSE,FALSE,FALSE,FALSE,Annual,Renews Automatically,2024-12-31,2024-03-01,10,2,2024-04-01
S-03a97f,A-f51f16,2024-03-15,null,Pro,60,2940,35280,FALSE,FALSE,FALSE,FALSE,Annual,Renews Automatically,2024-12-31,2024-03-01,10,3,2024-05-01
S-03a97f,A-f51f16,2024-03-15,null,Pro,60,2940,35280,FALSE,FALSE,FALSE,FALSE,Annual,Renews Automatically,2024-12-31,2024-03-01,10,4,2024-06-01
S-03a97f,A-f51f16,2024-03-15,null,Pro,60,2940,35280,FALSE,FALSE,FALSE,FALSE,Annual,Renews Automatically,2024-12-31,2024-03-01,10,5,2024-07-01
S-03a97f,A-f51f16,2024-03-15,null,Pro,60,2940,35280,FALSE,FALSE,FALSE,FALSE,Annual,Renews Automatically,2024-12-31,2024-03-01,10,6,2024-08-01
S-03a97f,A-f51f16,2024-03-15,null,Pro,60,2940,35280,FALSE,FALSE,FALSE,FALSE,Annual,Renews Automatically,2024-12-31,2024-03-01,10,7,2024-09-01
S-03a97f,A-f51f16,2024-03-15,null,Pro,60,2940,35280,FALSE,FALSE,FALSE,FALSE,Annual,Renews Automatically,2024-12-31,2024-03-01,10,8,2024-10-01
S-03a97f,A-f51f16,2024-03-15,null,Pro,60,2940,35280,FALSE,FALSE,FALSE,FALSE,Annual,Renews Automatically,2024-12-31,2024-03-01,10,9,2024-11-01
S-03a97f,A-f51f16,2024-03-15,null,Pro,60,2940,35280,FALSE,FALSE,FALSE,FALSE,Annual,Renews Automatically,2024-12-31,2024-03-01,10,10,2024-12-01
S-80c01c,A-d3c88e,2024-12-16,null,Basic,16,304,3648,FALSE,TRUE,FALSE,FALSE,Annual,Renews Automatically,2024-12-31,2024-12-01,1,1,2024-12-01
S-666181,A-eb1312,2024-10-09,null,Basic,71,1349,16188,FALSE,FALSE,FALSE,FALSE,Annual,Renews Automatically,2024-12-31,2024-10-01,3,1,2024-10-01
S-666181,A-eb1312,2024-10-09,null,Basic,71,1349,16188,FALSE,FALSE,FALSE,FALSE,Annual,Renews Automatically,2024-12-31,2024-10-01,3,2,2024-11-01
S-666181,A-eb1312,2024-10-09,null,Basic,71,1349,16188,FALSE,FALSE,FALSE,FALSE,Annual,Renews Automatically,2024-12-31,2024-10-01,3,3,2024-12-01
S-401496,A-68f37c,2023-08-13,2024-06-22,Enterprise,4,796,9552,FALSE,TRUE,FALSE,TRUE,Monthly,Renews Automatically,2024-06-22,2023-08-01,11,1,2023-08-01
S-401496,A-68f37c,2023-08-13,2024-06-22,Enterprise,4,796,9552,FALSE,TRUE,FALSE,TRUE,Monthly,Renews Automatically,2024-06-22,2023-08-01,11,2,2023-09-01
S-401496,A-68f37c,2023-08-13,2024-06-22,Enterprise,4,796,9552,FALSE,TRUE,FALSE,TRUE,Monthly,Renews Automatically,2024-06-22,2023-08-01,11,3,2023-10-01
S-401496,A-68f37c,2023-08-13,2024-06-22,Enterprise,4,796,9552,FALSE,TRUE,FALSE,TRUE,Monthly,Renews Automatically,2024-06-22,2023-08-01,11,4,2023-11-01
S-401496,A-68f37c,2023-08-13,2024-06-22,Enterprise,4,796,9552,FALSE,TRUE,FALSE,TRUE,Monthly,Renews Automatically,2024-06-22,2023-08-01,11,5,2023-12-01
S-401496,A-68f37c,2023-08-13,2024-06-22,Enterprise,4,796,9552,FALSE,TRUE,FALSE,TRUE,Monthly,Renews Automatically,2024-06-22,2023-08-01,11,6,2024-01-01
S-401496,A-68f37c,2023-08-13,2024-06-22,Enterprise,4,796,9552,FALSE,TRUE,FALSE,TRUE,Monthly,Renews Automatically,2024-06-22,2023-08-01,11,7,2024-02-01
S-401496,A-68f37c,2023-08-13,2024-06-22,Enterprise,4,796,9552,FALSE,TRUE,FALSE,TRUE,Monthly,Renews Automatically,2024-06-22,2023-08-01,11,8,2024-03-01
S-401496,A-68f37c,2023-08-13,2024-06-22,Enterprise,4,796,9552,FALSE,TRUE,FALSE,TRUE,Monthly,Renews Automatically,2024-06-22,2023-08-01,11,9,2024-04-01
S-401496,A-68f37c,2023-08-13,2024-06-22,Enterprise,4,796,9552,FALSE,TRUE,FALSE,TRUE,Monthly,Renews Automatically,2024-06-22,2023-08-01,11,10,2024-05-01
S-401496,A-68f37c,2023-08-13,2024-06-22,Enterprise,4,796,9552,FALSE,TRUE,FALSE,TRUE,Monthly,Renews Automatically,2024-06-22,2023-08-01,11,11,2024-06-01
S-ca0c98,A-fda07f,2024-11-28,null,Pro,7,343,4116,FALSE,FALSE,FALSE,FALSE,Monthly,Renews Automatically,2024-12-31,2024-11-01,2,1,2024-11-01
S-ca0c98,A-fda07f,2024-11-28,null,Pro,7,343,4116,FALSE,FALSE,FALSE,FALSE,Monthly,Renews Automatically,2024-12-31,2024-11-01,2,2,2024-12-01
S-017e33,A-f9cc74,2024-11-08,2024-11-25,Basic,53,1007,12084,FALSE,FALSE,FALSE,TRUE,Monthly,Renews Automatically,2024-11-25,2024-11-01,1,1,2024-11-01
S-183073,A-e7a1e2,2024-07-19,null,Enterprise,14,2786,33432,FALSE,FALSE,FALSE,FALSE,Monthly,Renews Automatically,2024-12-31,2024-07-01,6,1,2024-07-01
S-183073,A-e7a1e2,2024-07-19,null,Enterprise,14,2786,33432,FALSE,FALSE,FALSE,FALSE,Monthly,Renews Automatically,2024-12-31,2024-07-01,6,2,2024-08-01
S-183073,A-e7a1e2,2024-07-19,null,Enterprise,14,2786,33432,FALSE,FALSE,FALSE,FALSE,Monthly,Renews Automatically,2024-12-31,2024-07-01,6,3,2024-09-01
S-183073,A-e7a1e2,2024-07-19,null,Enterprise,14,2786,33432,FALSE,FALSE,FALSE,FALSE,Monthly,Renews Automatically,2024-12-31,2024-07-01,6,4,2024-10-01
S-183073,A-e7a1e2,2024-07-19,null,Enterprise,14,2786,33432,FALSE,FALSE,FALSE,FALSE,Monthly,Renews Automatically,2024-12-31,2024-07-01,6,5,2024-11-01
S-183073,A-e7a1e2,2024-07-19,null,Enterprise,14,2786,33432,FALSE,FALSE,FALSE,FALSE,Monthly,Renews Automatically,2024-12-31,2024-07-01,6,6,2024-12-01
S-22f503,A-7a0d69,2024-09-06,null,Basic,6,114,1368,FALSE,FALSE,FALSE,FALSE,Annual,Renews Automatically,2024-12-31,2024-09-01,4,1,2024-09-01
S-22f503,A-7a0d69,2024-09-06,null,Basic,6,114,1368,FALSE,FALSE,FALSE,FALSE,Annual,Renews Automatically,2024-12-31,2024-09-01,4,2,2024-10-01
S-22f503,A-7a0d69,2024-09-06,null,Basic,6,114,1368,FALSE,FALSE,FALSE,FALSE,Annual,Renews Automatically,2024-12-31,2024-09-01,4,3,2024-11-01
S-22f503,A-7a0d69,2024-09-06,null,Basic,6,114,1368,FALSE,FALSE,FALSE,FALSE,Annual,Renews Automatically,2024-12-31,2024-09-01,4,4,2024-12-01
S-7de1b7,A-4d1e75,2024-10-27,null,Enterprise,20,3980,47760,FALSE,FALSE,FALSE,FALSE,Annual,Renews Automatically,2024-12-31,2024-10-01,3,1,2024-10-01
S-7de1b7,A-4d1e75,2024-10-27,null,Enterprise,20,3980,47760,FALSE,FALSE,FALSE,FALSE,Annual,Renews Automatically,2024-12-31,2024-10-01,3,2,2024-11-01
S-7de1b7,A-4d1e75,2024-10-27,null,Enterprise,20,3980,47760,FALSE,FALSE,FALSE,FALSE,Annual,Renews Automatically,2024-12-31,2024-10-01,3,3,2024-12-01
S-ceffe9,A-89ee83,2024-11-23,null,Enterprise,2,398,4776,FALSE,FALSE,FALSE,FALSE,Monthly,Renews Automatically,2024-12-31,2024-11-01,2,1,2024-11-01
S-ceffe9,A-89ee83,2024-11-23,null,Enterprise,2,398,4776,FALSE,FALSE,FALSE,FALSE,Monthly,Renews Automatically,2024-12-31,2024-11-01,2,2,2024-12-01
S-cf6ec1,A-d77f4c,2024-08-04,null,Enterprise,22,4378,52536,FALSE,TRUE,FALSE,FALSE,Monthly,Manual Renewal,2024-12-31,2024-08-01,5,1,2024-08-01
S-cf6ec1,A-d77f4c,2024-08-04,null,Enterprise,22,4378,52536,FALSE,TRUE,FALSE,FALSE,Monthly,Manual Renewal,2024-12-31,2024-08-01,5,2,2024-09-01
S-cf6ec1,A-d77f4c,2024-08-04,null,Enterprise,22,4378,52536,FALSE,TRUE,FALSE,FALSE,Monthly,Manual Renewal,2024-12-31,2024-08-01,5,3,2024-10-01
S-cf6ec1,A-d77f4c,2024-08-04,null,Enterprise,22,4378,52536,FALSE,TRUE,FALSE,FALSE,Monthly,Manual Renewal,2024-12-31,2024-08-01,5,4,2024-11-01
S-cf6ec1,A-d77f4c,2024-08-04,null,Enterprise,22,4378,52536,FALSE,TRUE,FALSE,FALSE,Monthly,Manual Renewal,2024-12-31,2024-08-01,5,5,2024-12-01
S-a44d72,A-b30291,2024-06-12,null,Pro,18,882,10584,FALSE,FALSE,FALSE,FALSE,Monthly,Renews Automatically,2024-12-31,2024-06-01,7,1,2024-06-01
S-a44d72,A-b30291,2024-06-12,null,Pro,18,882,10584,FALSE,FALSE,FALSE,FALSE,Monthly,Renews Automatically,2024-12-31,2024-06-01,7,2,2024-07-01
S-a44d72,A-b30291,2024-06-12,null,Pro,18,882,10584,FALSE,FALSE,FALSE,FALSE,Monthly,Renews Automatically,2024-12-31,2024-06-01,7,3,2024-08-01
S-a44d72,A-b30291,2024-06-12,null,Pro,18,882,10584,FALSE,FALSE,FALSE,FALSE,Monthly,Renews Automatically,2024-12-31,2024-06-01,7,4,2024-09-01
S-a44d72,A-b30291,2024-06-12,null,Pro,18,882,10584,FALSE,FALSE,FALSE,FALSE,Monthly,Renews Automatically,2024-12-31,2024-06-01,7,5,2024-10-01
S-a44d72,A-b30291,2024-06-12,null,Pro,18,882,10584,FALSE,FALSE,FALSE,FALSE,Monthly,Renews Automatically,2024-12-31,2024-06-01,7,6,2024-11-01
S-a44d72,A-b30291,2024-06-12,null,Pro,18,882,10584,FALSE,FALSE,FALSE,FALSE,Monthly,Renews Automatically,2024-12-31,2024-06-01,7,7,2024-12-01
S-d07c53,A-249769,2024-09-24,null,Basic,21,399,4788,FALSE,FALSE,FALSE,FALSE,Annual,Renews Automatically,2024-12-31,2024-09-01,4,1,2024-09-01
S-d07c53,A-249769,2024-09-24,null,Basic,21,399,4788,FALSE,FALSE,FALSE,FALSE,Annual,Renews Automatically,2024-12-31,2024-09-01,4,2,2024-10-01
S-d07c53,A-249769,2024-09-24,null,Basic,21,399,4788,FALSE,FALSE,FALSE,FALSE,Annual,Renews Automatically,2024-12-31,2024-09-01,4,3,2024-11-01
S-d07c53,A-249769,2024-09-24,null,Basic,21,399,4788,FALSE,FALSE,FALSE,FALSE,Annual,Renews Automatically,2024-12-31,2024-09-01,4,4,2024-12-01
S-c67b80,A-eb2fdc,2024-02-24,null,Pro,31,1519,18228,FALSE,FALSE,FALSE,FALSE,Monthly,Manual Renewal,2024-12-31,2024-02-01,11,1,2024-02-01
S-c67b80,A-eb2fdc,2024-02-24,null,Pro,31,1519,18228,FALSE,FALSE,FALSE,FALSE,Monthly,Manual Renewal,2024-12-31,2024-02-01,11,2,2024-03-01
S-c67b80,A-eb2fdc,2024-02-24,null,Pro,31,1519,18228,FALSE,FALSE,FALSE,FALSE,Monthly,Manual Renewal,2024-12-31,2024-02-01,11,3,2024-04-01
S-c67b80,A-eb2fdc,2024-02-24,null,Pro,31,1519,18228,FALSE,FALSE,FALSE,FALSE,Monthly,Manual Renewal,2024-12-31,2024-02-01,11,4,2024-05-01
S-c67b80,A-eb2fdc,2024-02-24,null,Pro,31,1519,18228,FALSE,FALSE,FALSE,FALSE,Monthly,Manual Renewal,2024-12-31,2024-02-01,11,5,2024-06-01
S-c67b80,A-eb2fdc,2024-02-24,null,Pro,31,1519,18228,FALSE,FALSE,FALSE,FALSE,Monthly,Manual Renewal,2024-12-31,2024-02-01,11,6,2024-07-01
S-c67b80,A-eb2fdc,2024-02-24,null,Pro,31,1519,18228,FALSE,FALSE,FALSE,FALSE,Monthly,Manual Renewal,2024-12-31,2024-02-01,11,7,2024-08-01
S-c67b80,A-eb2fdc,2024-02-24,null,Pro,31,1519,18228,FALSE,FALSE,FALSE,FALSE,Monthly,Manual Renewal,2024-12-31,2024-02-01,11,8,2024-09-01
S-c67b80,A-eb2fdc,2024-02-24,null,Pro,31,1519,18228,FALSE,FALSE,FALSE,FALSE,Monthly,Manual Renewal,2024-12-31,2024-02-01,11,9,2024-10-01
S-c67b80,A-eb2fdc,2024-02-24,null,Pro,31,1519,18228,FALSE,FALSE,FALSE,FALSE,Monthly,Manual Renewal,2024-12-31,2024-02-01,11,10,2024-11-01
S-c67b80,A-eb2fdc,2024-02-24,null,Pro,31,1519,18228,FALSE,FALSE,FALSE,FALSE,Monthly,Manual Renewal,2024-12-31,2024-02-01,11,11,2024-12-01
S-5d68fb,A-5f2961,2024-12-02,null,Pro,49,2401,28812,FALSE,FALSE,FALSE,FALSE,Annual,Renews Automatically,2024-12-31,2024-12-01,1,1,2024-12-01
S-fc9cc3,A-9b9fe9,2024-01-01,null,Pro,24,1176,14112,FALSE,FALSE,FALSE,FALSE,Annual,Renews Automatically,2024-12-31,2024-01-01,12,1,2024-01-01
S-fc9cc3,A-9b9fe9,2024-01-01,null,Pro,24,1176,14112,FALSE,FALSE,FALSE,FALSE,Annual,Renews Automatically,2024-12-31,2024-01-01,12,2,2024-02-01
S-fc9cc3,A-9b9fe9,2024-01-01,null,Pro,24,1176,14112,FALSE,FALSE,FALSE,FALSE,Annual,Renews Automatically,2024-12-31,2024-01-01,12,3,2024-03-01
S-fc9cc3,A-9b9fe9,2024-01-01,null,Pro,24,1176,14112,FALSE,FALSE,FALSE,FALSE,Annual,Renews Automatically,2024-12-31,2024-01-01,12,4,2024-04-01
S-fc9cc3,A-9b9fe9,2024-01-01,null,Pro,24,1176,14112,FALSE,FALSE,FALSE,FALSE,Annual,Renews Automatically,2024-12-31,2024-01-01,12,5,2024-05-01
S-fc9cc3,A-9b9fe9,2024-01-01,null,Pro,24,1176,14112,FALSE,FALSE,FALSE,FALSE,Annual,Renews Automatically,2024-12-31,2024-01-01,12,6,2024-06-01
S-fc9cc3,A-9b9fe9,2024-01-01,null,Pro,24,1176,14112,FALSE,FALSE,FALSE,FALSE,Annual,Renews Automatically,2024-12-31,2024-01-01,12,7,2024-07-01
S-fc9cc3,A-9b9fe9,2024-01-01,null,Pro,24,1176,14112,FALSE,FALSE,FALSE,FALSE,Annual,Renews Automatically,2024-12-31,2024-01-01,12,8,2024-08-01
S-fc9cc3,A-9b9fe9,2024-01-01,null,Pro,24,1176,14112,FALSE,FALSE,FALSE,FALSE,Annual,Renews Automatically,2024-12-31,2024-01-01,12,9,2024-09-01
S-fc9cc3,A-9b9fe9,2024-01-01,null,Pro,24,1176,14112,FALSE,FALSE,FALSE,FALSE,Annual,Renews Automatically,2024-12-31,2024-01-01,12,10,2024-10-01
S-fc9cc3,A-9b9fe9,2024-01-01,null,Pro,24,1176,14112,FALSE,FALSE,FALSE,FALSE,Annual,Renews Automatically,2024-12-31,2024-01-01,12,11,2024-11-01
S-fc9cc3,A-9b9fe9,2024-01-01,null,Pro,24,1176,14112,FALSE,FALSE,FALSE,FALSE,Annual,Renews Automatically,2024-12-31,2024-01-01,12,12,2024-12-01
S-17f71d,A-e40f45,2024-05-15,null,Pro,44,2156,25872,FALSE,TRUE,FALSE,FALSE,Monthly,Renews Automatically,2024-12-31,2024-05-01,8,1,2024-05-01
S-17f71d,A-e40f45,2024-05-15,null,Pro,44,2156,25872,FALSE,TRUE,FALSE,FALSE,Monthly,Renews Automatically,2024-12-31,2024-05-01,8,2,2024-06-01
S-17f71d,A-e40f45,2024-05-15,null,Pro,44,2156,25872,FALSE,TRUE,FALSE,FALSE,Monthly,Renews Automatically,2024-12-31,2024-05-01,8,3,2024-07-01
S-17f71d,A-e40f45,2024-05-15,null,Pro,44,2156,25872,FALSE,TRUE,FALSE,FALSE,Monthly,Renews Automatically,2024-12-31,2024-05-01,8,4,2024-08-01
S-17f71d,A-e40f45,2024-05-15,null,Pro,44,2156,25872,FALSE,TRUE,FALSE,FALSE,Monthly,Renews Automatically,2024-12-31,2024-05-01,8,5,2024-09-01
S-17f71d,A-e40f45,2024-05-15,null,Pro,44,2156,25872,FALSE,TRUE,FALSE,FALSE,Monthly,Renews Automatically,2024-12-31,2024-05-01,8,6,2024-10-01
S-17f71d,A-e40f45,2024-05-15,null,Pro,44,2156,25872,FALSE,TRUE,FALSE,FALSE,Monthly,Renews Automatically,2024-12-31,2024-05-01,8,7,2024-11-01
S-17f71d,A-e40f45,2024-05-15,null,Pro,44,2156,25872,FALSE,TRUE,FALSE,FALSE,Monthly,Renews Automatically,2024-12-31,2024-05-01,8,8,2024-12-01
S-b042d9,A-0e966d,2024-11-15,null,Enterprise,11,2189,26268,FALSE,FALSE,FALSE,FALSE,Annual,Renews Automatically,2024-12-31,2024-11-01,2,1,2024-11-01
S-b042d9,A-0e966d,2024-11-15,null,Enterprise,11,2189,26268,FALSE,FALSE,FALSE,FALSE,Annual,Renews Automatically,2024-12-31,2024-11-01,2,2,2024-12-01
S-9c4bcd,A-a7bd4b,2024-05-14,null,Pro,5,245,2940,FALSE,TRUE,FALSE,FALSE,Monthly,Renews Automatically,2024-12-31,2024-05-01,8,1,2024-05-01
S-9c4bcd,A-a7bd4b,2024-05-14,null,Pro,5,245,2940,FALSE,TRUE,FALSE,FALSE,Monthly,Renews Automatically,2024-12-31,2024-05-01,8,2,2024-06-01
S-9c4bcd,A-a7bd4b,2024-05-14,null,Pro,5,245,2940,FALSE,TRUE,FALSE,FALSE,Monthly,Renews Automatically,2024-12-31,2024-05-01,8,3,2024-07-01
S-9c4bcd,A-a7bd4b,2024-05-14,null,Pro,5,245,2940,FALSE,TRUE,FALSE,FALSE,Monthly,Renews Automatically,2024-12-31,2024-05-01,8,4,2024-08-01
S-9c4bcd,A-a7bd4b,2024-05-14,null,Pro,5,245,2940,FALSE,TRUE,FALSE,FALSE,Monthly,Renews Automatically,2024-12-31,2024-05-01,8,5,2024-09-01
S-9c4bcd,A-a7bd4b,2024-05-14,null,Pro,5,245,2940,FALSE,TRUE,FALSE,FALSE,Monthly,Renews Automatically,2024-12-31,2024-05-01,8,6,2024-10-01
S-9c4bcd,A-a7bd4b,2024-05-14,null,Pro,5,245,2940,FALSE,TRUE,FALSE,FALSE,Monthly,Renews Automatically,2024-12-31,2024-05-01,8,7,2024-11-01
S-9c4bcd,A-a7bd4b,2024-05-14,null,Pro,5,245,2940,FALSE,TRUE,FALSE,FALSE,Monthly,Renews Automatically,2024-12-31,2024-05-01,8,8,2024-12-01
S-4f91d0,A-7f8241,2024-10-12,null,Basic,34,646,7752,FALSE,FALSE,FALSE,FALSE,Monthly,Manual Renewal,2024-12-31,2024-10-01,3,1,2024-10-01
S-4f91d0,A-7f8241,2024-10-12,null,Basic,34,646,7752,FALSE,FALSE,FALSE,FALSE,Monthly,Manual Renewal,2024-12-31,2024-10-01,3,2,2024-11-01
S-4f91d0,A-7f8241,2024-10-12,null,Basic,34,646,7752,FALSE,FALSE,FALSE,FALSE,Monthly,Manual Renewal,2024-12-31,2024-10-01,3,3,2024-12-01
S-672f1b,A-eafc6e,2023-08-08,null,Pro,27,1323,15876,FALSE,FALSE,FALSE,FALSE,Monthly,Renews Automatically,2024-12-31,2023-08-01,17,1,2023-08-01
S-672f1b,A-eafc6e,2023-08-08,null,Pro,27,1323,15876,FALSE,FALSE,FALSE,FALSE,Monthly,Renews Automatically,2024-12-31,2023-08-01,17,2,2023-09-01
S-672f1b,A-eafc6e,2023-08-08,null,Pro,27,1323,15876,FALSE,FALSE,FALSE,FALSE,Monthly,Renews Automatically,2024-12-31,2023-08-01,17,3,2023-10-01
S-672f1b,A-eafc6e,2023-08-08,null,Pro,27,1323,15876,FALSE,FALSE,FALSE,FALSE,Monthly,Renews Automatically,2024-12-31,2023-08-01,17,4,2023-11-01
S-672f1b,A-eafc6e,2023-08-08,null,Pro,27,1323,15876,FALSE,FALSE,FALSE,FALSE,Monthly,Renews Automatically,2024-12-31,2023-08-01,17,5,2023-12-01
S-672f1b,A-eafc6e,2023-08-08,null,Pro,27,1323,15876,FALSE,FALSE,FALSE,FALSE,Monthly,Renews Automatically,2024-12-31,2023-08-01,17,6,2024-01-01
S-672f1b,A-eafc6e,2023-08-08,null,Pro,27,1323,15876,FALSE,FALSE,FALSE,FALSE,Monthly,Renews Automatically,2024-12-31,2023-08-01,17,7,2024-02-01
S-672f1b,A-eafc6e,2023-08-08,null,Pro,27,1323,15876,FALSE,FALSE,FALSE,FALSE,Monthly,Renews Automatically,2024-12-31,2023-08-01,17,8,2024-03-01
S-672f1b,A-eafc6e,2023-08-08,null,Pro,27,1323,15876,FALSE,FALSE,FALSE,FALSE,Monthly,Renews Automatically,2024-12-31,2023-08-01,17,9,2024-04-01
S-672f1b,A-eafc6e,2023-08-08,null,Pro,27,1323,15876,FALSE,FALSE,FALSE,FALSE,Monthly,Renews Automatically,2024-12-31,2023-08-01,17,10,2024-05-01
S-672f1b,A-eafc6e,2023-08-08,null,Pro,27,1323,15876,FALSE,FALSE,FALSE,FALSE,Monthly,Renews Automatically,2024-12-31,2023-08-01,17,11,2024-06-01
S-672f1b,A-eafc6e,2023-08-08,null,Pro,27,1323,15876,FALSE,FALSE,FALSE,FALSE,Monthly,Renews Automatically,2024-12-31,2023-08-01,17,12,2024-07-01
S-672f1b,A-eafc6e,2023-08-08,null,Pro,27,1323,15876,FALSE,FALSE,FALSE,FALSE,Monthly,Renews Automatically,2024-12-31,2023-08-01,17,13,2024-08-01
S-672f1b,A-eafc6e,2023-08-08,null,Pro,27,1323,15876,FALSE,FALSE,FALSE,FALSE,Monthly,Renews Automatically,2024-12-31,2023-08-01,17,14,2024-09-01
S-672f1b,A-eafc6e,2023-08-08,null,Pro,27,1323,15876,FALSE,FALSE,FALSE,FALSE,Monthly,Renews Automatically,2024-12-31,2023-08-01,17,15,2024-10-01
S-672f1b,A-eafc6e,2023-08-08,null,Pro,27,1323,15876,FALSE,FALSE,FALSE,FALSE,Monthly,Renews Automatically,2024-12-31,2023-08-01,17,16,2024-11-01
S-672f1b,A-eafc6e,2023-08-08,null,Pro,27,1323,15876,FALSE,FALSE,FALSE,FALSE,Monthly,Renews Automatically,2024-12-31,2023-08-01,17,17,2024-12-01
S-101201,A-d49cc5,2024-02-13,null,Basic,50,950,11400,FALSE,FALSE,FALSE,FALSE,Annual,Renews Automatically,2024-12-31,2024-02-01,11,1,2024-02-01
S-101201,A-d49cc5,2024-02-13,null,Basic,50,950,11400,FALSE,FALSE,FALSE,FALSE,Annual,Renews Automatically,2024-12-31,2024-02-01,11,2,2024-03-01
S-101201,A-d49cc5,2024-02-13,null,Basic,50,950,11400,FALSE,FALSE,FALSE,FALSE,Annual,Renews Automatically,2024-12-31,2024-02-01,11,3,2024-04-01
S-101201,A-d49cc5,2024-02-13,null,Basic,50,950,11400,FALSE,FALSE,FALSE,FALSE,Annual,Renews Automatically,2024-12-31,2024-02-01,11,4,2024-05-01
S-101201,A-d49cc5,2024-02-13,null,Basic,50,950,11400,FALSE,FALSE,FALSE,FALSE,Annual,Renews Automatically,2024-12-31,2024-02-01,11,5,2024-06-01
S-101201,A-d49cc5,2024-02-13,null,Basic,50,950,11400,FALSE,FALSE,FALSE,FALSE,Annual,Renews Automatically,2024-12-31,2024-02-01,11,6,2024-07-01
S-101201,A-d49cc5,2024-02-13,null,Basic,50,950,11400,FALSE,FALSE,FALSE,FALSE,Annual,Renews Automatically,2024-12-31,2024-02-01,11,7,2024-08-01
S-101201,A-d49cc5,2024-02-13,null,Basic,50,950,11400,FALSE,FALSE,FALSE,FALSE,Annual,Renews Automatically,2024-12-31,2024-02-01,11,8,2024-09-01
S-101201,A-d49cc5,2024-02-13,null,Basic,50,950,11400,FALSE,FALSE,FALSE,FALSE,Annual,Renews Automatically,2024-12-31,2024-02-01,11,9,2024-10-01
S-101201,A-d49cc5,2024-02-13,null,Basic,50,950,11400,FALSE,FALSE,FALSE,FALSE,Annual,Renews Automatically,2024-12-31,2024-02-01,11,10,2024-11-01
S-101201,A-d49cc5,2024-02-13,null,Basic,50,950,11400,FALSE,FALSE,FALSE,FALSE,Annual,Renews Automatically,2024-12-31,2024-02-01,11,11,2024-12-01
S-eea643,A-54ecc2,2024-10-30,null,Enterprise,28,5572,66864,FALSE,FALSE,FALSE,FALSE,Monthly,Renews Automatically,2024-12-31,2024-10-01,3,1,2024-10-01
S-eea643,A-54ecc2,2024-10-30,null,Enterprise,28,5572,66864,FALSE,FALSE,FALSE,FALSE,Monthly,Renews Automatically,2024-12-31,2024-10-01,3,2,2024-11-01
S-eea643,A-54ecc2,2024-10-30,null,Enterprise,28,5572,66864,FALSE,FALSE,FALSE,FALSE,Monthly,Renews Automatically,2024-12-31,2024-10-01,3,3,2024-12-01
S-5f9a67,A-6da850,2023-12-04,null,Pro,5,245,2940,FALSE,FALSE,FALSE,FALSE,Annual,Renews Automatically,2024-12-31,2023-12-01,13,1,2023-12-01
S-5f9a67,A-6da850,2023-12-04,null,Pro,5,245,2940,FALSE,FALSE,FALSE,FALSE,Annual,Renews Automatically,2024-12-31,2023-12-01,13,2,2024-01-01
S-5f9a67,A-6da850,2023-12-04,null,Pro,5,245,2940,FALSE,FALSE,FALSE,FALSE,Annual,Renews Automatically,2024-12-31,2023-12-01,13,3,2024-02-01
S-5f9a67,A-6da850,2023-12-04,null,Pro,5,245,2940,FALSE,FALSE,FALSE,FALSE,Annual,Renews Automatically,2024-12-31,2023-12-01,13,4,2024-03-01
S-5f9a67,A-6da850,2023-12-04,null,Pro,5,245,2940,FALSE,FALSE,FALSE,FALSE,Annual,Renews Automatically,2024-12-31,2023-12-01,13,5,2024-04-01
S-5f9a67,A-6da850,2023-12-04,null,Pro,5,245,2940,FALSE,FALSE,FALSE,FALSE,Annual,Renews Automatically,2024-12-31,2023-12-01,13,6,2024-05-01
S-5f9a67,A-6da850,2023-12-04,null,Pro,5,245,2940,FALSE,FALSE,FALSE,FALSE,Annual,Renews Automatically,2024-12-31,2023-12-01,13,7,2024-06-01
S-5f9a67,A-6da850,2023-12-04,null,Pro,5,245,2940,FALSE,FALSE,FALSE,FALSE,Annual,Renews Automatically,2024-12-31,2023-12-01,13,8,2024-07-01
S-5f9a67,A-6da850,2023-12-04,null,Pro,5,245,2940,FALSE,FALSE,FALSE,FALSE,Annual,Renews Automatically,2024-12-31,2023-12-01,13,9,2024-08-01
S-5f9a67,A-6da850,2023-12-04,null,Pro,5,245,2940,FALSE,FALSE,FALSE,FALSE,Annual,Renews Automatically,2024-12-31,2023-12-01,13,10,2024-09-01
S-5f9a67,A-6da850,2023-12-04,null,Pro,5,245,2940,FALSE,FALSE,FALSE,FALSE,Annual,Renews Automatically,2024-12-31,2023-12-01,13,11,2024-10-01
S-5f9a67,A-6da850,2023-12-04,null,Pro,5,245,2940,FALSE,FALSE,FALSE,FALSE,Annual,Renews Automatically,2024-12-31,2023-12-01,13,12,2024-11-01
S-5f9a67,A-6da850,2023-12-04,null,Pro,5,245,2940,FALSE,FALSE,FALSE,FALSE,Annual,Renews Automatically,2024-12-31,2023-12-01,13,13,2024-12-01
S-d97c5f,A-533452,2024-11-25,null,Pro,101,4949,59388,FALSE,FALSE,FALSE,FALSE,Monthly,Renews Automatically,2024-12-31,2024-11-01,2,1,2024-11-01
S-d97c5f,A-533452,2024-11-25,null,Pro,101,4949,59388,FALSE,FALSE,FALSE,FALSE,Monthly,Renews Automatically,2024-12-31,2024-11-01,2,2,2024-12-01
S-a74462,A-7c83a1,2024-05-14,null,Pro,48,2352,28224,FALSE,FALSE,FALSE,FALSE,Annual,Renews Automatically,2024-12-31,2024-05-01,8,1,2024-05-01
S-a74462,A-7c83a1,2024-05-14,null,Pro,48,2352,28224,FALSE,FALSE,FALSE,FALSE,Annual,Renews Automatically,2024-12-31,2024-05-01,8,2,2024-06-01
S-a74462,A-7c83a1,2024-05-14,null,Pro,48,2352,28224,FALSE,FALSE,FALSE,FALSE,Annual,Renews Automatically,2024-12-31,2024-05-01,8,3,2024-07-01
S-a74462,A-7c83a1,2024-05-14,null,Pro,48,2352,28224,FALSE,FALSE,FALSE,FALSE,Annual,Renews Automatically,2024-12-31,2024-05-01,8,4,2024-08-01
S-a74462,A-7c83a1,2024-05-14,null,Pro,48,2352,28224,FALSE,FALSE,FALSE,FALSE,Annual,Renews Automatically,2024-12-31,2024-05-01,8,5,2024-09-01
S-a74462,A-7c83a1,2024-05-14,null,Pro,48,2352,28224,FALSE,FALSE,FALSE,FALSE,Annual,Renews Automatically,2024-12-31,2024-05-01,8,6,2024-10-01
S-a74462,A-7c83a1,2024-05-14,null,Pro,48,2352,28224,FALSE,FALSE,FALSE,FALSE,Annual,Renews Automatically,2024-12-31,2024-05-01,8,7,2024-11-01
S-a74462,A-7c83a1,2024-05-14,null,Pro,48,2352,28224,FALSE,FALSE,FALSE,FALSE,Annual,Renews Automatically,2024-12-31,2024-05-01,8,8,2024-12-01
S-02ec76,A-e60f9d,2024-09-17,null,Pro,29,1421,17052,FALSE,FALSE,FALSE,FALSE,Monthly,Renews Automatically,2024-12-31,2024-09-01,4,1,2024-09-01
S-02ec76,A-e60f9d,2024-09-17,null,Pro,29,1421,17052,FALSE,FALSE,FALSE,FALSE,Monthly,Renews Automatically,2024-12-31,2024-09-01,4,2,2024-10-01
S-02ec76,A-e60f9d,2024-09-17,null,Pro,29,1421,17052,FALSE,FALSE,FALSE,FALSE,Monthly,Renews Automatically,2024-12-31,2024-09-01,4,3,2024-11-01
S-02ec76,A-e60f9d,2024-09-17,null,Pro,29,1421,17052,FALSE,FALSE,FALSE,FALSE,Monthly,Renews Automatically,2024-12-31,2024-09-01,4,4,2024-12-01
S-d1c9e3,A-075038,2024-01-09,null,Basic,17,323,3876,FALSE,FALSE,FALSE,FALSE,Annual,Renews Automatically,2024-12-31,2024-01-01,12,1,2024-01-01
S-d1c9e3,A-075038,2024-01-09,null,Basic,17,323,3876,FALSE,FALSE,FALSE,FALSE,Annual,Renews Automatically,2024-12-31,2024-01-01,12,2,2024-02-01
S-d1c9e3,A-075038,2024-01-09,null,Basic,17,323,3876,FALSE,FALSE,FALSE,FALSE,Annual,Renews Automatically,2024-12-31,2024-01-01,12,3,2024-03-01
S-d1c9e3,A-075038,2024-01-09,null,Basic,17,323,3876,FALSE,FALSE,FALSE,FALSE,Annual,Renews Automatically,2024-12-31,2024-01-01,12,4,2024-04-01
S-d1c9e3,A-075038,2024-01-09,null,Basic,17,323,3876,FALSE,FALSE,FALSE,FALSE,Annual,Renews Automatically,2024-12-31,2024-01-01,12,5,2024-05-01
S-d1c9e3,A-075038,2024-01-09,null,Basic,17,323,3876,FALSE,FALSE,FALSE,FALSE,Annual,Renews Automatically,2024-12-31,2024-01-01,12,6,2024-06-01
S-d1c9e3,A-075038,2024-01-09,null,Basic,17,323,3876,FALSE,FALSE,FALSE,FALSE,Annual,Renews Automatically,2024-12-31,2024-01-01,12,7,2024-07-01
S-d1c9e3,A-075038,2024-01-09,null,Basic,17,323,3876,FALSE,FALSE,FALSE,FALSE,Annual,Renews Automatically,2024-12-31,2024-01-01,12,8,2024-08-01
S-d1c9e3,A-075038,2024-01-09,null,Basic,17,323,3876,FALSE,FALSE,FALSE,FALSE,Annual,Renews Automatically,2024-12-31,2024-01-01,12,9,2024-09-01
S-d1c9e3,A-075038,2024-01-09,null,Basic,17,323,3876,FALSE,FALSE,FALSE,FALSE,Annual,Renews Automatically,2024-12-31,2024-01-01,12,10,2024-10-01
S-d1c9e3,A-075038,2024-01-09,null,Basic,17,323,3876,FALSE,FALSE,FALSE,FALSE,Annual,Renews Automatically,2024-12-31,2024-01-01,12,11,2024-11-01
S-d1c9e3,A-075038,2024-01-09,null,Basic,17,323,3876,FALSE,FALSE,FALSE,FALSE,Annual,Renews Automatically,2024-12-31,2024-01-01,12,12,2024-12-01
S-51d8db,A-cc1d8d,2024-12-30,null,Enterprise,6,1194,14328,FALSE,FALSE,FALSE,FALSE,Annual,Renews Automatically,2024-12-31,2024-12-01,1,1,2024-12-01
S-c3c85e,A-271f46,2024-10-31,null,Basic,38,722,8664,FALSE,FALSE,FALSE,FALSE,Monthly,Renews Automatically,2024-12-31,2024-10-01,3,1,2024-10-01
S-c3c85e,A-271f46,2024-10-31,null,Basic,38,722,8664,FALSE,FALSE,FALSE,FALSE,Monthly,Renews Automatically,2024-12-31,2024-10-01,3,2,2024-11-01
S-c3c85e,A-271f46,2024-10-31,null,Basic,38,722,8664,FALSE,FALSE,FALSE,FALSE,Monthly,Renews Automatically,2024-12-31,2024-10-01,3,3,2024-12-01
S-44a646,A-1e1b80,2023-12-26,null,Basic,50,950,11400,FALSE,FALSE,FALSE,FALSE,Annual,Renews Automatically,2024-12-31,2023-12-01,13,1,2023-12-01
S-44a646,A-1e1b80,2023-12-26,null,Basic,50,950,11400,FALSE,FALSE,FALSE,FALSE,Annual,Renews Automatically,2024-12-31,2023-12-01,13,2,2024-01-01
S-44a646,A-1e1b80,2023-12-26,null,Basic,50,950,11400,FALSE,FALSE,FALSE,FALSE,Annual,Renews Automatically,2024-12-31,2023-12-01,13,3,2024-02-01
S-44a646,A-1e1b80,2023-12-26,null,Basic,50,950,11400,FALSE,FALSE,FALSE,FALSE,Annual,Renews Automatically,2024-12-31,2023-12-01,13,4,2024-03-01
S-44a646,A-1e1b80,2023-12-26,null,Basic,50,950,11400,FALSE,FALSE,FALSE,FALSE,Annual,Renews Automatically,2024-12-31,2023-12-01,13,5,2024-04-01
S-44a646,A-1e1b80,2023-12-26,null,Basic,50,950,11400,FALSE,FALSE,FALSE,FALSE,Annual,Renews Automatically,2024-12-31,2023-12-01,13,6,2024-05-01
S-44a646,A-1e1b80,2023-12-26,null,Basic,50,950,11400,FALSE,FALSE,FALSE,FALSE,Annual,Renews Automatically,2024-12-31,2023-12-01,13,7,2024-06-01
S-44a646,A-1e1b80,2023-12-26,null,Basic,50,950,11400,FALSE,FALSE,FALSE,FALSE,Annual,Renews Automatically,2024-12-31,2023-12-01,13,8,2024-07-01
S-44a646,A-1e1b80,2023-12-26,null,Basic,50,950,11400,FALSE,FALSE,FALSE,FALSE,Annual,Renews Automatically,2024-12-31,2023-12-01,13,9,2024-08-01
S-44a646,A-1e1b80,2023-12-26,null,Basic,50,950,11400,FALSE,FALSE,FALSE,FALSE,Annual,Renews Automatically,2024-12-31,2023-12-01,13,10,2024-09-01
S-44a646,A-1e1b80,2023-12-26,null,Basic,50,950,11400,FALSE,FALSE,FALSE,FALSE,Annual,Renews Automatically,2024-12-31,2023-12-01,13,11,2024-10-01
S-44a646,A-1e1b80,2023-12-26,null,Basic,50,950,11400,FALSE,FALSE,FALSE,FALSE,Annual,Renews Automatically,2024-12-31,2023-12-01,13,12,2024-11-01
S-44a646,A-1e1b80,2023-12-26,null,Basic,50,950,11400,FALSE,FALSE,FALSE,FALSE,Annual,Renews Automatically,2024-12-31,2023-12-01,13,13,2024-12-01
S-431c03,A-e4bf56,2024-12-02,2024-12-19,Enterprise,37,7363,88356,FALSE,FALSE,FALSE,TRUE,Monthly,Renews Automatically,2024-12-19,2024-12-01,1,1,2024-12-01
S-4f0027,A-ff79f2,2024-12-31,2024-12-31,Enterprise,19,3781,45372,FALSE,FALSE,FALSE,TRUE,Annual,Renews Automatically,2024-12-31,2024-12-01,1,1,2024-12-01
S-396a84,A-5b4ebb,2024-10-23,2024-11-27,Basic,21,399,4788,FALSE,FALSE,FALSE,TRUE,Monthly,Manual Renewal,2024-11-27,2024-10-01,2,1,2024-10-01
S-396a84,A-5b4ebb,2024-10-23,2024-11-27,Basic,21,399,4788,FALSE,FALSE,FALSE,TRUE,Monthly,Manual Renewal,2024-11-27,2024-10-01,2,2,2024-11-01
S-259804,A-d4ac0e,2024-10-01,null,Basic,28,532,6384,FALSE,FALSE,FALSE,FALSE,Annual,Renews Automatically,2024-12-31,2024-10-01,3,1,2024-10-01
S-259804,A-d4ac0e,2024-10-01,null,Basic,28,532,6384,FALSE,FALSE,FALSE,FALSE,Annual,Renews Automatically,2024-12-31,2024-10-01,3,2,2024-11-01
S-259804,A-d4ac0e,2024-10-01,null,Basic,28,532,6384,FALSE,FALSE,FALSE,FALSE,Annual,Renews Automatically,2024-12-31,2024-10-01,3,3,2024-12-01
S-33e40e,A-86cdb4,2024-10-10,2024-12-29,Enterprise,2,398,4776,FALSE,FALSE,FALSE,TRUE,Annual,Renews Automatically,2024-12-29,2024-10-01,3,1,2024-10-01
S-33e40e,A-86cdb4,2024-10-10,2024-12-29,Enterprise,2,398,4776,FALSE,FALSE,FALSE,TRUE,Annual,Renews Automatically,2024-12-29,2024-10-01,3,2,2024-11-01
S-33e40e,A-86cdb4,2024-10-10,2024-12-29,Enterprise,2,398,4776,FALSE,FALSE,FALSE,TRUE,Annual,Renews Automatically,2024-12-29,2024-10-01,3,3,2024-12-01
S-bbafad,A-854864,2024-12-27,2024-12-30,Basic,20,380,4560,FALSE,FALSE,FALSE,TRUE,Annual,Renews Automatically,2024-12-30,2024-12-01,1,1,2024-12-01
S-11e29d,A-71615e,2024-10-13,null,Basic,32,608,7296,FALSE,FALSE,FALSE,FALSE,Monthly,Renews Automatically,2024-12-31,2024-10-01,3,1,2024-10-01
S-11e29d,A-71615e,2024-10-13,null,Basic,32,608,7296,FALSE,FALSE,FALSE,FALSE,Monthly,Renews Automatically,2024-12-31,2024-10-01,3,2,2024-11-01
S-11e29d,A-71615e,2024-10-13,null,Basic,32,608,7296,FALSE,FALSE,FALSE,FALSE,Monthly,Renews Automatically,2024-12-31,2024-10-01,3,3,2024-12-01
S-1feff8,A-5fe118,2024-12-06,null,Enterprise,39,7761,93132,FALSE,FALSE,FALSE,FALSE,Annual,Renews Automatically,2024-12-31,2024-12-01,1,1,2024-12-01
S-61e86c,A-39ddf4,2024-12-07,null,Enterprise,40,7960,95520,FALSE,FALSE,FALSE,FALSE,Annual,Renews Automatically,2024-12-31,2024-12-01,1,1,2024-12-01
S-af41f0,A-e83938,2024-06-27,null,Basic,2,38,456,FALSE,FALSE,FALSE,FALSE,Annual,Manual Renewal,2024-12-31,2024-06-01,7,1,2024-06-01
S-af41f0,A-e83938,2024-06-27,null,Basic,2,38,456,FALSE,FALSE,FALSE,FALSE,Annual,Manual Renewal,2024-12-31,2024-06-01,7,2,2024-07-01
S-af41f0,A-e83938,2024-06-27,null,Basic,2,38,456,FALSE,FALSE,FALSE,FALSE,Annual,Manual Renewal,2024-12-31,2024-06-01,7,3,2024-08-01
S-af41f0,A-e83938,2024-06-27,null,Basic,2,38,456,FALSE,FALSE,FALSE,FALSE,Annual,Manual Renewal,2024-12-31,2024-06-01,7,4,2024-09-01
S-af41f0,A-e83938,2024-06-27,null,Basic,2,38,456,FALSE,FALSE,FALSE,FALSE,Annual,Manual Renewal,2024-12-31,2024-06-01,7,5,2024-10-01
S-af41f0,A-e83938,2024-06-27,null,Basic,2,38,456,FALSE,FALSE,FALSE,FALSE,Annual,Manual Renewal,2024-12-31,2024-06-01,7,6,2024-11-01
S-af41f0,A-e83938,2024-06-27,null,Basic,2,38,456,FALSE,FALSE,FALSE,FALSE,Annual,Manual Renewal,2024-12-31,2024-06-01,7,7,2024-12-01
S-65ae02,A-671f31,2024-12-14,null,Pro,59,2891,34692,FALSE,FALSE,FALSE,FALSE,Annual,Renews Automatically,2024-12-31,2024-12-01,1,1,2024-12-01
S-7904d3,A-d4e0d4,2024-11-30,2024-12-03,Enterprise,117,23283,279396,FALSE,FALSE,FALSE,TRUE,Monthly,Renews Automatically,2024-12-03,2024-11-01,1,1,2024-11-01
S-4a08bd,A-e08cd3,2024-10-11,null,Pro,67,3283,39396,FALSE,FALSE,FALSE,FALSE,Annual,Manual Renewal,2024-12-31,2024-10-01,3,1,2024-10-01
S-4a08bd,A-e08cd3,2024-10-11,null,Pro,67,3283,39396,FALSE,FALSE,FALSE,FALSE,Annual,Manual Renewal,2024-12-31,2024-10-01,3,2,2024-11-01
S-4a08bd,A-e08cd3,2024-10-11,null,Pro,67,3283,39396,FALSE,FALSE,FALSE,FALSE,Annual,Manual Renewal,2024-12-31,2024-10-01,3,3,2024-12-01
S-faa8ec,A-2e4581,2024-12-09,null,Basic,11,209,2508,FALSE,FALSE,FALSE,FALSE,Monthly,Renews Automatically,2024-12-31,2024-12-01,1,1,2024-12-01
S-8db104,A-4a267b,2024-10-18,null,Pro,25,1225,14700,FALSE,FALSE,TRUE,FALSE,Monthly,Renews Automatically,2024-12-31,2024-10-01,3,1,2024-10-01
S-8db104,A-4a267b,2024-10-18,null,Pro,25,1225,14700,FALSE,FALSE,TRUE,FALSE,Monthly,Renews Automatically,2024-12-31,2024-10-01,3,2,2024-11-01
S-8db104,A-4a267b,2024-10-18,null,Pro,25,1225,14700,FALSE,FALSE,TRUE,FALSE,Monthly,Renews Automatically,2024-12-31,2024-10-01,3,3,2024-12-01
S-3c0121,A-7c83a1,2024-12-30,null,Pro,24,1176,14112,FALSE,FALSE,FALSE,FALSE,Monthly,Renews Automatically,2024-12-31,2024-12-01,1,1,2024-12-01
S-163e64,A-dfbd31,2024-11-08,null,Enterprise,62,12338,148056,FALSE,FALSE,FALSE,FALSE,Monthly,Renews Automatically,2024-12-31,2024-11-01,2,1,2024-11-01
S-163e64,A-dfbd31,2024-11-08,null,Enterprise,62,12338,148056,FALSE,FALSE,FALSE,FALSE,Monthly,Renews Automatically,2024-12-31,2024-11-01,2,2,2024-12-01
S-e98d6b,A-309e54,2024-12-31,null,Basic,15,285,3420,FALSE,FALSE,FALSE,FALSE,Annual,Renews Automatically,2024-12-31,2024-12-01,1,1,2024-12-01
S-041624,A-6843f2,2024-12-12,null,Enterprise,21,4179,50148,FALSE,FALSE,FALSE,FALSE,Monthly,Renews Automatically,2024-12-31,2024-12-01,1,1,2024-12-01
S-b78829,A-2e4581,2024-11-12,null,Pro,20,980,11760,FALSE,FALSE,FALSE,FALSE,Monthly,Renews Automatically,2024-12-31,2024-11-01,2,1,2024-11-01
S-b78829,A-2e4581,2024-11-12,null,Pro,20,980,11760,FALSE,FALSE,FALSE,FALSE,Monthly,Renews Automatically,2024-12-31,2024-11-01,2,2,2024-12-01
S-e1de58,A-ce550d,2024-10-28,null,Enterprise,35,6965,83580,FALSE,TRUE,FALSE,FALSE,Annual,Renews Automatically,2024-12-31,2024-10-01,3,1,2024-10-01
S-e1de58,A-ce550d,2024-10-28,null,Enterprise,35,6965,83580,FALSE,TRUE,FALSE,FALSE,Annual,Renews Automatically,2024-12-31,2024-10-01,3,2,2024-11-01
S-e1de58,A-ce550d,2024-10-28,null,Enterprise,35,6965,83580,FALSE,TRUE,FALSE,FALSE,Annual,Renews Automatically,2024-12-31,2024-10-01,3,3,2024-12-01
S-721fea,A-f6b2fb,2024-05-23,null,Pro,23,1127,13524,FALSE,FALSE,TRUE,FALSE,Monthly,Renews Automatically,2024-12-31,2024-05-01,8,1,2024-05-01
S-721fea,A-f6b2fb,2024-05-23,null,Pro,23,1127,13524,FALSE,FALSE,TRUE,FALSE,Monthly,Renews Automatically,2024-12-31,2024-05-01,8,2,2024-06-01
S-721fea,A-f6b2fb,2024-05-23,null,Pro,23,1127,13524,FALSE,FALSE,TRUE,FALSE,Monthly,Renews Automatically,2024-12-31,2024-05-01,8,3,2024-07-01
S-721fea,A-f6b2fb,2024-05-23,null,Pro,23,1127,13524,FALSE,FALSE,TRUE,FALSE,Monthly,Renews Automatically,2024-12-31,2024-05-01,8,4,2024-08-01
S-721fea,A-f6b2fb,2024-05-23,null,Pro,23,1127,13524,FALSE,FALSE,TRUE,FALSE,Monthly,Renews Automatically,2024-12-31,2024-05-01,8,5,2024-09-01
S-721fea,A-f6b2fb,2024-05-23,null,Pro,23,1127,13524,FALSE,FALSE,TRUE,FALSE,Monthly,Renews Automatically,2024-12-31,2024-05-01,8,6,2024-10-01
S-721fea,A-f6b2fb,2024-05-23,null,Pro,23,1127,13524,FALSE,FALSE,TRUE,FALSE,Monthly,Renews Automatically,2024-12-31,2024-05-01,8,7,2024-11-01
S-721fea,A-f6b2fb,2024-05-23,null,Pro,23,1127,13524,FALSE,FALSE,TRUE,FALSE,Monthly,Renews Automatically,2024-12-31,2024-05-01,8,8,2024-12-01
S-eaac58,A-ff3c73,2023-04-08,null,Basic,66,1254,15048,FALSE,FALSE,FALSE,FALSE,Annual,Renews Automatically,2024-12-31,2023-04-01,21,1,2023-04-01
S-eaac58,A-ff3c73,2023-04-08,null,Basic,66,1254,15048,FALSE,FALSE,FALSE,FALSE,Annual,Renews Automatically,2024-12-31,2023-04-01,21,2,2023-05-01
S-eaac58,A-ff3c73,2023-04-08,null,Basic,66,1254,15048,FALSE,FALSE,FALSE,FALSE,Annual,Renews Automatically,2024-12-31,2023-04-01,21,3,2023-06-01
S-eaac58,A-ff3c73,2023-04-08,null,Basic,66,1254,15048,FALSE,FALSE,FALSE,FALSE,Annual,Renews Automatically,2024-12-31,2023-04-01,21,4,2023-07-01
S-eaac58,A-ff3c73,2023-04-08,null,Basic,66,1254,15048,FALSE,FALSE,FALSE,FALSE,Annual,Renews Automatically,2024-12-31,2023-04-01,21,5,2023-08-01
S-eaac58,A-ff3c73,2023-04-08,null,Basic,66,1254,15048,FALSE,FALSE,FALSE,FALSE,Annual,Renews Automatically,2024-12-31,2023-04-01,21,6,2023-09-01
S-eaac58,A-ff3c73,2023-04-08,null,Basic,66,1254,15048,FALSE,FALSE,FALSE,FALSE,Annual,Renews Automatically,2024-12-31,2023-04-01,21,7,2023-10-01
S-eaac58,A-ff3c73,2023-04-08,null,Basic,66,1254,15048,FALSE,FALSE,FALSE,FALSE,Annual,Renews Automatically,2024-12-31,2023-04-01,21,8,2023-11-01
S-eaac58,A-ff3c73,2023-04-08,null,Basic,66,1254,15048,FALSE,FALSE,FALSE,FALSE,Annual,Renews Automatically,2024-12-31,2023-04-01,21,9,2023-12-01
S-eaac58,A-ff3c73,2023-04-08,null,Basic,66,1254,15048,FALSE,FALSE,FALSE,FALSE,Annual,Renews Automatically,2024-12-31,2023-04-01,21,10,2024-01-01
S-eaac58,A-ff3c73,2023-04-08,null,Basic,66,1254,15048,FALSE,FALSE,FALSE,FALSE,Annual,Renews Automatically,2024-12-31,2023-04-01,21,11,2024-02-01
S-eaac58,A-ff3c73,2023-04-08,null,Basic,66,1254,15048,FALSE,FALSE,FALSE,FALSE,Annual,Renews Automatically,2024-12-31,2023-04-01,21,12,2024-03-01
S-eaac58,A-ff3c73,2023-04-08,null,Basic,66,1254,15048,FALSE,FALSE,FALSE,FALSE,Annual,Renews Automatically,2024-12-31,2023-04-01,21,13,2024-04-01
S-eaac58,A-ff3c73,2023-04-08,null,Basic,66,1254,15048,FALSE,FALSE,FALSE,FALSE,Annual,Renews Automatically,2024-12-31,2023-04-01,21,14,2024-05-01
S-eaac58,A-ff3c73,2023-04-08,null,Basic,66,1254,15048,FALSE,FALSE,FALSE,FALSE,Annual,Renews Automatically,2024-12-31,2023-04-01,21,15,2024-06-01
S-eaac58,A-ff3c73,2023-04-08,null,Basic,66,1254,15048,FALSE,FALSE,FALSE,FALSE,Annual,Renews Automatically,2024-12-31,2023-04-01,21,16,2024-07-01
S-eaac58,A-ff3c73,2023-04-08,null,Basic,66,1254,15048,FALSE,FALSE,FALSE,FALSE,Annual,Renews Automatically,2024-12-31,2023-04-01,21,17,2024-08-01
S-eaac58,A-ff3c73,2023-04-08,null,Basic,66,1254,15048,FALSE,FALSE,FALSE,FALSE,Annual,Renews Automatically,2024-12-31,2023-04-01,21,18,2024-09-01
S-eaac58,A-ff3c73,2023-04-08,null,Basic,66,1254,15048,FALSE,FALSE,FALSE,FALSE,Annual,Renews Automatically,2024-12-31,2023-04-01,21,19,2024-10-01
S-eaac58,A-ff3c73,2023-04-08,null,Basic,66,1254,15048,FALSE,FALSE,FALSE,FALSE,Annual,Renews Automatically,2024-12-31,2023-04-01,21,20,2024-11-01
S-eaac58,A-ff3c73,2023-04-08,null,Basic,66,1254,15048,FALSE,FALSE,FALSE,FALSE,Annual,Renews Automatically,2024-12-31,2023-04-01,21,21,2024-12-01
S-1218fd,A-2d4502,2024-11-02,null,Basic,14,266,3192,FALSE,TRUE,FALSE,FALSE,Monthly,Manual Renewal,2024-12-31,2024-11-01,2,1,2024-11-01
S-1218fd,A-2d4502,2024-11-02,null,Basic,14,266,3192,FALSE,TRUE,FALSE,FALSE,Monthly,Manual Renewal,2024-12-31,2024-11-01,2,2,2024-12-01
S-936732,A-2f6a32,2024-11-28,2024-12-06,Pro,19,931,11172,FALSE,FALSE,FALSE,TRUE,Annual,Renews Automatically,2024-12-06,2024-11-01,1,1,2024-11-01
S-c2f293,A-69b156,2024-12-10,2024-12-30,Basic,8,152,1824,FALSE,FALSE,FALSE,TRUE,Monthly,Manual Renewal,2024-12-30,2024-12-01,1,1,2024-12-01
S-f5f5b3,A-89ee83,2024-12-26,2024-12-29,Basic,10,190,2280,FALSE,FALSE,FALSE,TRUE,Annual,Renews Automatically,2024-12-29,2024-12-01,1,1,2024-12-01
S-4afb53,A-40de06,2023-12-12,2024-12-29,Enterprise,28,5572,66864,FALSE,FALSE,FALSE,TRUE,Monthly,Renews Automatically,2024-12-29,2023-12-01,13,1,2023-12-01
S-4afb53,A-40de06,2023-12-12,2024-12-29,Enterprise,28,5572,66864,FALSE,FALSE,FALSE,TRUE,Monthly,Renews Automatically,2024-12-29,2023-12-01,13,2,2024-01-01
S-4afb53,A-40de06,2023-12-12,2024-12-29,Enterprise,28,5572,66864,FALSE,FALSE,FALSE,TRUE,Monthly,Renews Automatically,2024-12-29,2023-12-01,13,3,2024-02-01
S-4afb53,A-40de06,2023-12-12,2024-12-29,Enterprise,28,5572,66864,FALSE,FALSE,FALSE,TRUE,Monthly,Renews Automatically,2024-12-29,2023-12-01,13,4,2024-03-01
S-4afb53,A-40de06,2023-12-12,2024-12-29,Enterprise,28,5572,66864,FALSE,FALSE,FALSE,TRUE,Monthly,Renews Automatically,2024-12-29,2023-12-01,13,5,2024-04-01
S-4afb53,A-40de06,2023-12-12,2024-12-29,Enterprise,28,5572,66864,FALSE,FALSE,FALSE,TRUE,Monthly,Renews Automatically,2024-12-29,2023-12-01,13,6,2024-05-01
S-4afb53,A-40de06,2023-12-12,2024-12-29,Enterprise,28,5572,66864,FALSE,FALSE,FALSE,TRUE,Monthly,Renews Automatically,2024-12-29,2023-12-01,13,7,2024-06-01
S-4afb53,A-40de06,2023-12-12,2024-12-29,Enterprise,28,5572,66864,FALSE,FALSE,FALSE,TRUE,Monthly,Renews Automatically,2024-12-29,2023-12-01,13,8,2024-07-01
S-4afb53,A-40de06,2023-12-12,2024-12-29,Enterprise,28,5572,66864,FALSE,FALSE,FALSE,TRUE,Monthly,Renews Automatically,2024-12-29,2023-12-01,13,9,2024-08-01
S-4afb53,A-40de06,2023-12-12,2024-12-29,Enterprise,28,5572,66864,FALSE,FALSE,FALSE,TRUE,Monthly,Renews Automatically,2024-12-29,2023-12-01,13,10,2024-09-01
S-4afb53,A-40de06,2023-12-12,2024-12-29,Enterprise,28,5572,66864,FALSE,FALSE,FALSE,TRUE,Monthly,Renews Automatically,2024-12-29,2023-12-01,13,11,2024-10-01
S-4afb53,A-40de06,2023-12-12,2024-12-29,Enterprise,28,5572,66864,FALSE,FALSE,FALSE,TRUE,Monthly,Renews Automatically,2024-12-29,2023-12-01,13,12,2024-11-01
S-4afb53,A-40de06,2023-12-12,2024-12-29,Enterprise,28,5572,66864,FALSE,FALSE,FALSE,TRUE,Monthly,Renews Automatically,2024-12-29,2023-12-01,13,13,2024-12-01
S-851bbe,A-d77f4c,2024-04-22,null,Enterprise,94,18706,224472,FALSE,TRUE,FALSE,FALSE,Annual,Renews Automatically,2024-12-31,2024-04-01,9,1,2024-04-01
S-851bbe,A-d77f4c,2024-04-22,null,Enterprise,94,18706,224472,FALSE,TRUE,FALSE,FALSE,Annual,Renews Automatically,2024-12-31,2024-04-01,9,2,2024-05-01
S-851bbe,A-d77f4c,2024-04-22,null,Enterprise,94,18706,224472,FALSE,TRUE,FALSE,FALSE,Annual,Renews Automatically,2024-12-31,2024-04-01,9,3,2024-06-01
S-851bbe,A-d77f4c,2024-04-22,null,Enterprise,94,18706,224472,FALSE,TRUE,FALSE,FALSE,Annual,Renews Automatically,2024-12-31,2024-04-01,9,4,2024-07-01
S-851bbe,A-d77f4c,2024-04-22,null,Enterprise,94,18706,224472,FALSE,TRUE,FALSE,FALSE,Annual,Renews Automatically,2024-12-31,2024-04-01,9,5,2024-08-01
S-851bbe,A-d77f4c,2024-04-22,null,Enterprise,94,18706,224472,FALSE,TRUE,FALSE,FALSE,Annual,Renews Automatically,2024-12-31,2024-04-01,9,6,2024-09-01
S-851bbe,A-d77f4c,2024-04-22,null,Enterprise,94,18706,224472,FALSE,TRUE,FALSE,FALSE,Annual,Renews Automatically,2024-12-31,2024-04-01,9,7,2024-10-01
S-851bbe,A-d77f4c,2024-04-22,null,Enterprise,94,18706,224472,FALSE,TRUE,FALSE,FALSE,Annual,Renews Automatically,2024-12-31,2024-04-01,9,8,2024-11-01
S-851bbe,A-d77f4c,2024-04-22,null,Enterprise,94,18706,224472,FALSE,TRUE,FALSE,FALSE,Annual,Renews Automatically,2024-12-31,2024-04-01,9,9,2024-12-01
S-9aa190,A-9b9fe9,2024-10-17,null,Basic,33,627,7524,FALSE,FALSE,FALSE,FALSE,Annual,Renews Automatically,2024-12-31,2024-10-01,3,1,2024-10-01
S-9aa190,A-9b9fe9,2024-10-17,null,Basic,33,627,7524,FALSE,FALSE,FALSE,FALSE,Annual,Renews Automatically,2024-12-31,2024-10-01,3,2,2024-11-01
S-9aa190,A-9b9fe9,2024-10-17,null,Basic,33,627,7524,FALSE,FALSE,FALSE,FALSE,Annual,Renews Automatically,2024-12-31,2024-10-01,3,3,2024-12-01
S-f89d8c,A-88c6ca,2024-12-18,null,Pro,49,2401,28812,FALSE,FALSE,FALSE,FALSE,Monthly,Renews Automatically,2024-12-31,2024-12-01,1,1,2024-12-01
S-10134d,A-52dd88,2024-09-09,null,Enterprise,23,4577,54924,FALSE,FALSE,FALSE,FALSE,Annual,Renews Automatically,2024-12-31,2024-09-01,4,1,2024-09-01
S-10134d,A-52dd88,2024-09-09,null,Enterprise,23,4577,54924,FALSE,FALSE,FALSE,FALSE,Annual,Renews Automatically,2024-12-31,2024-09-01,4,2,2024-10-01
S-10134d,A-52dd88,2024-09-09,null,Enterprise,23,4577,54924,FALSE,FALSE,FALSE,FALSE,Annual,Renews Automatically,2024-12-31,2024-09-01,4,3,2024-11-01
S-10134d,A-52dd88,2024-09-09,null,Enterprise,23,4577,54924,FALSE,FALSE,FALSE,FALSE,Annual,Renews Automatically,2024-12-31,2024-09-01,4,4,2024-12-01
S-85de7a,A-940b8b,2024-04-01,null,Enterprise,32,6368,76416,FALSE,FALSE,TRUE,FALSE,Annual,Renews Automatically,2024-12-31,2024-04-01,9,1,2024-04-01
S-85de7a,A-940b8b,2024-04-01,null,Enterprise,32,6368,76416,FALSE,FALSE,TRUE,FALSE,Annual,Renews Automatically,2024-12-31,2024-04-01,9,2,2024-05-01
S-85de7a,A-940b8b,2024-04-01,null,Enterprise,32,6368,76416,FALSE,FALSE,TRUE,FALSE,Annual,Renews Automatically,2024-12-31,2024-04-01,9,3,2024-06-01
S-85de7a,A-940b8b,2024-04-01,null,Enterprise,32,6368,76416,FALSE,FALSE,TRUE,FALSE,Annual,Renews Automatically,2024-12-31,2024-04-01,9,4,2024-07-01
S-85de7a,A-940b8b,2024-04-01,null,Enterprise,32,6368,76416,FALSE,FALSE,TRUE,FALSE,Annual,Renews Automatically,2024-12-31,2024-04-01,9,5,2024-08-01
S-85de7a,A-940b8b,2024-04-01,null,Enterprise,32,6368,76416,FALSE,FALSE,TRUE,FALSE,Annual,Renews Automatically,2024-12-31,2024-04-01,9,6,2024-09-01
S-85de7a,A-940b8b,2024-04-01,null,Enterprise,32,6368,76416,FALSE,FALSE,TRUE,FALSE,Annual,Renews Automatically,2024-12-31,2024-04-01,9,7,2024-10-01
S-85de7a,A-940b8b,2024-04-01,null,Enterprise,32,6368,76416,FALSE,FALSE,TRUE,FALSE,Annual,Renews Automatically,2024-12-31,2024-04-01,9,8,2024-11-01
S-85de7a,A-940b8b,2024-04-01,null,Enterprise,32,6368,76416,FALSE,FALSE,TRUE,FALSE,Annual,Renews Automatically,2024-12-31,2024-04-01,9,9,2024-12-01
S-85796b,A-f19409,2024-08-27,2024-10-31,Enterprise,23,4577,54924,FALSE,FALSE,FALSE,TRUE,Monthly,Renews Automatically,2024-10-31,2024-08-01,3,1,2024-08-01
S-85796b,A-f19409,2024-08-27,2024-10-31,Enterprise,23,4577,54924,FALSE,FALSE,FALSE,TRUE,Monthly,Renews Automatically,2024-10-31,2024-08-01,3,2,2024-09-01
S-85796b,A-f19409,2024-08-27,2024-10-31,Enterprise,23,4577,54924,FALSE,FALSE,FALSE,TRUE,Monthly,Renews Automatically,2024-10-31,2024-08-01,3,3,2024-10-01
S-c97464,A-f5641b,2024-10-16,null,Pro,38,1862,22344,FALSE,FALSE,FALSE,FALSE,Monthly,Manual Renewal,2024-12-31,2024-10-01,3,1,2024-10-01
S-c97464,A-f5641b,2024-10-16,null,Pro,38,1862,22344,FALSE,FALSE,FALSE,FALSE,Monthly,Manual Renewal,2024-12-31,2024-10-01,3,2,2024-11-01
S-c97464,A-f5641b,2024-10-16,null,Pro,38,1862,22344,FALSE,FALSE,FALSE,FALSE,Monthly,Manual Renewal,2024-12-31,2024-10-01,3,3,2024-12-01
S-6732ff,A-9affe6,2023-11-22,null,Pro,24,1176,14112,FALSE,FALSE,FALSE,FALSE,Annual,Renews Automatically,2024-12-31,2023-11-01,14,1,2023-11-01
S-6732ff,A-9affe6,2023-11-22,null,Pro,24,1176,14112,FALSE,FALSE,FALSE,FALSE,Annual,Renews Automatically,2024-12-31,2023-11-01,14,2,2023-12-01
S-6732ff,A-9affe6,2023-11-22,null,Pro,24,1176,14112,FALSE,FALSE,FALSE,FALSE,Annual,Renews Automatically,2024-12-31,2023-11-01,14,3,2024-01-01
S-6732ff,A-9affe6,2023-11-22,null,Pro,24,1176,14112,FALSE,FALSE,FALSE,FALSE,Annual,Renews Automatically,2024-12-31,2023-11-01,14,4,2024-02-01
S-6732ff,A-9affe6,2023-11-22,null,Pro,24,1176,14112,FALSE,FALSE,FALSE,FALSE,Annual,Renews Automatically,2024-12-31,2023-11-01,14,5,2024-03-01
S-6732ff,A-9affe6,2023-11-22,null,Pro,24,1176,14112,FALSE,FALSE,FALSE,FALSE,Annual,Renews Automatically,2024-12-31,2023-11-01,14,6,2024-04-01
S-6732ff,A-9affe6,2023-11-22,null,Pro,24,1176,14112,FALSE,FALSE,FALSE,FALSE,Annual,Renews Automatically,2024-12-31,2023-11-01,14,7,2024-05-01
S-6732ff,A-9affe6,2023-11-22,null,Pro,24,1176,14112,FALSE,FALSE,FALSE,FALSE,Annual,Renews Automatically,2024-12-31,2023-11-01,14,8,2024-06-01
S-6732ff,A-9affe6,2023-11-22,null,Pro,24,1176,14112,FALSE,FALSE,FALSE,FALSE,Annual,Renews Automatically,2024-12-31,2023-11-01,14,9,2024-07-01
S-6732ff,A-9affe6,2023-11-22,null,Pro,24,1176,14112,FALSE,FALSE,FALSE,FALSE,Annual,Renews Automatically,2024-12-31,2023-11-01,14,10,2024-08-01
S-6732ff,A-9affe6,2023-11-22,null,Pro,24,1176,14112,FALSE,FALSE,FALSE,FALSE,Annual,Renews Automatically,2024-12-31,2023-11-01,14,11,2024-09-01